Canonical_Smiles,Activity
Nc1nc(N)nc(N)n1,0
Nc1ccc2c(oc3ccccc23)c1,1
C=CC(=O)NCNC(=O)C=C,1
CCCCB(CCCC)CCCC,1
COC1(CCCC1)OC2CCC3C4CCC5CC6SC6CC5(C)C4CCC23C,0
Cc1cc(O)c2C(=O)c3c(O)cc(O)c(c3C(=O)c2c1)c4c(O)cc(O)c5C(=O)c6c(O)cc(C)cc6C(=O)c45,0
Nc1ccc(Oc2cccc(Oc3ccc(N)cc3)c2)cc1,1
CCCCCOC(=O)C(=C)C,0
COc1cccc2C(=O)c3c(O)c4CC(O)(CC(OC5CC(N)C(O)C(C)O5)c4c(O)c3C(=O)c12)C(=O)CO,1
CC(C)(C)C(Br)C(=O)Nc1ccccc1,0
CCN(CC)CCNc1ccc2nc(C)n3c4ccc(O)cc4C(=O)c1c23,1
CCNC(=O)Nc1ncc(s1)[N+](=O)[O-],1
COc1ccc(O)c2C(=O)c3c(OC)cc4O[C@@H]5OC=C[C@H]5c4c3Oc12,1
COC(=O)C(=C)C,0
Oc1ccc2c(c1)c3ccc(c4cccc2c34)[N+](=O)[O-],1
CN=C1C=CC(=C(c2ccc(cc2)N(C)C)c3ccc(cc3)N(C)C)C=C1,0
C1CCC2=C(C1)c3cc4ccccc4c5cc6ccccc6c2c35,1
Cc1ccccc1N,1
Nc1ccccc1SCCSc2ccccc2N,1
Nc1c(O)cccc1[N+](=O)[O-],0
O=Nc1ccccc1c2ccccc2,1
OC(CN=N#N)C(O)C(O)C(O)C=O,1
CCCCCNc1snc2ccccc12,0
OS(=O)(=O)c1cccc(c1)[N+](=O)[O-],0
COc1ccc(O)c(c1)C(C)(C)C,0
OCc1cc2ccc3cccc4ccc(c1)c2c34,1
CC1(C)OC1COc2c3OC(=O)C=Cc3cc4ccoc24,0
CCCC(=O)\N=C\1/SN(C(=O)CCC)c2ccc(cc12)[N+](=O)[O-],1
CCCON=O,1
CCCCC,0
NC(CCN=N#N)C(=O)O,1
FC(F)(F)c1ccccc1Cl,0
FC(F)C(F)(F)F,0
CN(C[C@H](O)CO)N=O,1
CCC(COC(=O)C=C)(COC(=O)C=C)COC(=O)C=C,1
O[C@H]1C=Cc2c(ccc3c4cccc5cccc(c23)c45)[C@@H]1O,1
OC(=O)\C=C\c1ccc(Cl)cc1,0
CCc1ccc(cc1)[N+](=O)[O-],0
[O-][N+](=O)c1cccc2c1ccc3cccc(c23)[N+](=O)[O-],1
CCCNC(=O)\C=C\c1oc(cc1)[N+](=O)[O-],1
O=P1(Oc2ccccc2)OCc3ccccc3O1,1
Cc1cc(ccc1N=Nc2c(O)c3c(O)cc(cc3cc2S(=O)(=O)O)S(=O)(=O)O)c4ccc(N=Nc5c(O)c6c(O)cc(cc6cc5S(=O)(=O)O)S(=O)(=O)O)c(C)c4,0
CC(=C)C(=O)OC(C)(C)C,0
Nc1ccc2c3ccccc3c4cccc1c24,1
Nc1ccc(cc1C#N)[N+](=O)[O-],1
CC(C)C=O,0
CCC(=O)OCC(=O)C1(OC(=O)CC)C(C)CC2C3C(Cl)CC4=CC(=O)C=CC4(C)C3C(O)CC12C,0
Clc1ccnc2ccccc12,1
ClCC1=C(Br)C(=O)OC1,1
Cc1ccc(cc1)S(=O)(=O)NC(=O)Nc2ncc(s2)[N+](=O)[O-],0
CC(=O)ON(OCc1ccc(Br)cc1)C(=O)c2ccccc2,1
CNC(=O)CSP(=S)(OC)OC,1
CCOc1ccccc1C(=O)N,0
Cc1ccc(OC[C@H]2CO2)cc1,1
O=C([C@@H]1CO1)c2ccc3OCOc3c2,1
CCCC(=O)OC1CCCCC1,0
COc1ccccc1NCSC,1
COc1ccc(CCC(=O)c2c(O)cc(O[C@@H]3O[C@H](CO)[C@@H](O)[C@H](O)[C@H]3O[C@@H]4O[C@@H](C)[C@H](O)[C@@H](O)[C@H]4O)cc2O)cc1O,0
c1ccc2cnncc2c1,0
[O-][N+](=O)c1ccc2c(oc3ccc(cc23)[N+](=O)[O-])c1,1
COC(=O)Nc1cccc(OC(=O)Nc2cccc(C)c2)c1,1
CC(=O)Oc1ccc2c(OC3(C)OOC23C)c1,1
CCOc1ccc(NC(=O)C)cc1[N+](=O)[O-],1
Nc1ncnc2c1nc(c3ccc(cc3)[N+](=O)[O-])n2c4ccc(cc4)[N+](=O)[O-],1
NC(=N)NNc1ccc(cc1)N=NC(=S)N,1
COc1cc2O[C@@H]3OC=C[C@H]3c2c4Oc5cccc(O)c5C(=O)c14,1
CCCCCCCCCCCCCCCCCC[N+](C)(C)CCCCCCCCCCCCCCCCCC,0
c1ccc2nccnc2c1,1
CN1CCc2cc3OCOc3c4c5ccccc5CC1c24,1
OCCBr,1
NC(=O)c1cnccn1,0
Nc1cc2c3C=C[C@@H](O)[C@H](O)c3ccc2c4ccccc14,1
ClCc1cc2cccc3ccc4c5ccccc5cc1c4c23,1
O=S1(=O)CCCO1,1
Cn1c(N)nc2c3cnccc3ccc12,1
Nc1ccc(Sc2ccccc2)cc1,1
CC(=O)N(O)c1ccc2ccccc2c1,1
O=C(\C=C\c1ccc(cc1)c2ccccc2)c3ccccc3,0
CC(C)(C)NC(=O)\C=C\c1oc(cc1)[N+](=O)[O-],1
Clc1ccc(cc1)S(=O)(=O)c2ccc(Cl)cc2,0
O=C(Nc1ccccc1)Nc2snc3ccccc23,0
CC(=O)c1ccc2ccccc2c1,0
[O-][N+](=O)c1cccc2c3ccc(c4cccc(c12)c34)[N+](=O)[O-],1
NC(CCC(=O)NC(CSC(=O)NCCCl)C(=O)NCC(=O)O)C(=O)O,1
Cc1ccc(cc1)S(=O)(=O)OCc2ccccc2,0
Cc1c(O)cc(cc1[N+](=O)[O-])[N+](=O)[O-],0
CC(=O)Nc1ccc(OC(=O)c2ccccc2OC(=O)C)cc1,0
CC(C)CCCC(C)C1CCC2C3CC4N(N5C(=O)c6ccccc6C5=O)C47CC(Cl)CCC7(C)C3CCC12C,0
COc1cc2CCN(C=O)c3cc4ccccc4c(c1OC)c23,1
Oc1c(cccc1[N+](=O)[O-])[N+](=O)[O-],0
[O-][N+](=O)c1cccc2cccc(c12)[N+](=O)[O-],1
CCC#C[C@@H](C)[C@@]1(CC=C)C(=O)NC(=O)N(C)C1=O,0
COc1ccc(cc1)C(=C(CCC(=O)O)C#N)c2ccc(OC)cc2,0
[O-][N+](=O)c1ccccc1SS\C(=C(/Cl)\C(=C(Cl)Cl)Cl)\Cl,1
CC1c2cc(F)ccc2c3ccc(F)cc13,1
Nc1cc(ccc1c2ccc(cc2)[N+](=O)[O-])[N+](=O)[O-],1
C=C,0
Cc1ccc(Br)cc1,0
CCOP(=S)(OCC)Oc1nc(Cl)c(Cl)cc1Cl,0
ONc1ccc(Sc2ccccc2)cc1,1
BrCc1c2ccccc2cc3ccccc13,1
COc1ccccc1NC(=O)C(N=Nc2ccc(cc2Cl)c3ccc(N=NC(C(=O)C)C(=O)Nc4ccccc4OC)c(Cl)c3)C(=O)C,0
CCc1c2ccccc2cc3ccc4ccccc4c13,0
CN(C(=O)C)c1ccc(cc1)N=Nc2ccc(cc2)N(C)C(=O)C,0
CCOP(=O)(OCC)[C@@H](C)NC(=O)N(CCCl)N=O,1
OC(=O)c1ccc(\C=N\n2nnc3c4ccccc4nc3c2O)cc1,1
Cc1ccc(cc1)N(CCCl)CCCl,0
OC1C=Cc2c(C1O)c3ccccc3c4cc5ccccc5cc24,1
[O-][N+](=O)c1ccc2ccc3cccc4c5CCCCc5c1c2c34,1
Oc1ccc(cc1)C(=O)N\N=C\c2oc(cc2)[N+](=O)[O-],1
Cc1ccc2[nH]nnc2c1,0
COC(=O)C1OC1c2ccccc2,1
CN1C(CC(O)C1=O)c2cccnc2,0
CCCCCCCCC,0
CCN(CC)C(=S)SSCC(NC(=O)CCC(N)C(=O)O)C(=O)NCC(=O)O,0
COC[C@H](O)Cn1ccnc1[N+](=O)[O-],1
CC\C=C\C=C\C=C\C=C\C=C\OCC(O)CO,1
CC(Cl)C(=C)C,1
NC(=S)N,0
COc1ccc2Oc3cc(OC)cc(OC)c3C(=O)c2c1,1
COC(=O)C(C)CN=N#N,1
NC(=O)\C=C\c1oc(cc1)[N+](=O)[O-],1
Nc1nc2ccccc2s1,0
COc1cc(ccc1O)c2nc(c3ccccc3)c([nH]2)c4ccccc4,1
Oc1cccc2Oc3c4[C@@H]5C=CO[C@H]5Oc4cc(O)c3C(=O)c12,1
Oc1c(Br)cc(Br)cc1Br,0
C[C@@H](O)CO,0
COCCOC(=O)C=C,0
CN(C)c1ccc(cc1)N=Nc2ccccc2CO,1
CCN,0
CCCCCCCCCCCCO,0
c1ccc2c(c1)cc3ccc4cccc5c6ccccc6c2c3c45,1
NCCCS(=O)(=O)Nc1ccc(Nc2c3ccc(cc3nc4ccc(cc24)N=N#N)N=N#N)cc1,1
CCCCOC(=O)c1ccccc1N,0
C1C2=C3C=CC=CC3=CC4=C5OC5=C(C24)c6ccccc16,1
CCCCCOC(=O)C=C,0
C(=C\c1cccc(\C=C\c2ccccc2)c1)/c3ccccc3,0
Oc1c(Cl)cc(Cl)cc1S(=O)c2cc(Cl)cc(Cl)c2O,1
NC1=C(Cl)C(=O)N(N=C1)c2ccccc2,0
N1C2C1c3ccccc3c4ccccc24,1
NNC(=O)CNc1ccc2ccccc2c1,0
COC(=O)C1O\C(=N/O)\C(=C1Cl)Cl,0
OC(=O)COc1ccc(cc1)N(CCCl)CCCl,1
C[C@@]12CCc3occc3C1CC[C@@]45CC(CCC24)C(O)(CO)C5,0
CCN(CC)c1ccc2nc3ccc(cc3[o+]c2c1)N(CC)CC,1
COc1ccc(N(CCCl)CCCl)c2cc(oc12)[N+](=O)[O-],1
COc1cc2OC3OCCC3c2c4Oc5cccc(O)c5C(=O)c14,0
C[C@H]1Cc2c(Cl)cc(C(=O)N[C@H](Cc3ccccc3)C(=O)O)c(O)c2C(=O)O1,0
OC1C=Cc2c(ccc3cc4c(cc23)C(O)C(O)c5ccccc45)C1O,0
OCc1cc2ccccc2c3ccc4ccccc4c13,1
Cc1c2ccccc2c(COS(=O)(=O)O)c3ccccc13,1
C1Cc2ccc3cccnc3c2C4OC14,1
CCCCCCCCCCCCCCCCCCO,0
Nc1ccc2C(=O)c3ccccc3C(=O)c2c1,1
COc1ccc(cc1)[C@H]2O[C@@H]2C(=O)c3ccccc3,1
CC(=O)N\N=C\C1=CN(O)c2ccccc2N1O,1
Cl[C@@H]1CN(C[C@H]1Cl)N=O,1
Cc1ccc(cc1)c2oc3ccccc3n2,0
CNc1ccc2ncccc2c1N,0
O1C2C=Cc3ncccc3C12,0
CCN(CC)c1ccc(cc1)N=Nc2ccc(cc2C#N)[N+](=O)[O-],1
CC(=O)Nc1ccc(cc1)c2ccc(N)cc2,1
C1O[C@@H]1c2ccc(cc2)c3ccccc3,1
COc1cc(O)c2C(=O)c3c(O)ccc(O)c3Oc2c1,1
Cn1cnc2ccc(cc12)[N+](=O)[O-],1
CNC1CCc2cc(OC)c(OC)c(OC)c2C3=CC=C(OC)C(=O)C=C13,0
Clc1c(Cl)c(Cl)c(Cl)c(Cl)c1Cl,0
Clc1ccc(cc1)N2C(=O)CCC2=O,0
NC(CC(=O)c1cccc(O)c1N)C(=O)O,0
C=O,1
COc1ccc(NC(=O)c2csc(c2)[N+](=O)[O-])cc1,1
C\C(=C\C=O)\C=C/C=C(/C)\C=C/C1=C(C)CCCC1(C)C,1
CCN(CC)CCn1nc2ccc(CO)c3c4ccc(Cl)cc4Sc1c23,1
Cc1c(C(=O)O)c(O)cc2C(=O)c3c(O)c(O)c([C@H]4O[C@@H](CO)[C@H](O)[C@@H](O)[C@@H]4O)c(O)c3C(=O)c12,1
CS(=O)(=O)O,0
CC1=CCC(CC1)C(C)(C)O,0
C[C@@H](N)[C@@H](O)c1ccccc1,0
COC(=O)c1ccc(\C=N\n2nnc3c4ccccc4nc3c2O)cc1,1
Nc1ccc(Nc2ccc(cc2)[N+](=O)[O-])cc1,1
[O-][N+](=O)c1ccc2[nH]cnc2c1,1
C\C=C(/C)\C(=O)OC1CCN2CC=C(CO)C12,0
OCC1OC(C(O)C1O)n2cnc3c(NCC(O)COc4cccc5ccccc45)ncnc23,0
CC(=CC=O)C,0
CC(C)CCC[C@@H](C)[C@@H]1CC[C@H]2[C@@H]3C[C@@H]4N(N5C(=O)c6ccccc6C5=O)[C@@]47C[C@H](CC[C@]7(C)[C@H]3CC[C@]12C)OC(=O)C,1
Oc1cc(Cl)c(O)cc1Cl,0
COc1cc2OC(=C(O)C(=O)c2cc1OC)c3ccc(O)cc3,0
CCC1(O)CC2CN(CCc3c([nH]c4ccccc34)C(C2)(C(=O)OC)c5cc6c(cc5OC)N(C)C7C(O)(C(OC(=O)C)C8(CC)C=CCN9CCC67C89)C(=O)OC)C1,0
CC(=O)Nc1ccc(cc1)c2ccccc2,1
Nc1cc2cccc3ccc4cccc1c4c23,1
CCCCCON=O,1
COc1ccc(O)cc1C(C)(C)C,0
C[N+](C)(C)CC1CO1,1
CN1CCOCC1,0
Clc1ccc(cc1)\C(=C\C=C\c2ccccc2)\C#N,1
Nc1ccc2cc(cc(O)c2c1N=Nc3ccc(cc3)c4ccc(cc4)N=Nc5c(N)ccc6cc(cc(O)c56)S(=O)(=O)O)S(=O)(=O)O,1
CC(=CCC\C(=C\C=C\C(=C\C=C\C(=C\C=C\C=C(/C)\C=C\C=C(/C)\C=C\C=C(/C)\CCC=C(C)C)\C)\C)\C)C,0
CC(Br)C(=O)N(C)Cc1ccccc1,0
COP(=O)(C)OC,0
OCCS,0
OS(=O)(=O)Oc1ccc2ccc3cc4ccccc4c5ccc1c2c35,1
c1ccc2c(c1)c3ccccc3c4cc5cnccc5cc24,1
Nc1ccc2snc(Cl)c2c1,1
O=C1c2ccccc2C(=O)c3ccccc13,1
O[C@H]1[C@H](O)[C@H](O[C@H]([C@@H]1O)C(=O)O)N(O)c2ccc(cc2)c3ccccc3,1
CCBr,1
C[C@@H](O)CBr,1
OC(=O)CI,1
C1CC23OC2(C1)C=CC=C3,1
Oc1c2nc3ccccc3c2nnn1\N=C\c4ccc(cc4)[N+](=O)[O-],1
CC(O)\C=C\C=O,1
CC\C=C\C=C\C=C\C=C\C=O,0
Nc1ccc(O)c2C(=O)c3c(N)ccc(O)c3C(=O)c12,1
Cc1ccc2ccccc2n1,1
Cc1ccc2ccc(cc2c1)[N+](=O)[O-],1
CC1(CO1)c2ccc(Br)cc2,0
Cc1cc(O)c2C(=O)c3c(O)cc(O)c4c5c(O)cc(O)c6C(=O)c7c(O)cc(C)c8c1c2c(c34)c(c78)c56,0
NC(=N)NC(=O)c1nc(Cl)c(N)nc1N,1
C\C=C(\C)/C#N,0
C1C[C@@H]2O[C@@H]2C[C@@H]1[C@H]3CO3,1
Clc1ccccc1,0
COc1ccc(cc1[N+](=O)[O-])C(=O)Nc2ccccc2,1
Cc1cccc(C)c1[N+](=O)[O-],0
CC(C)(O)CCc1ccc(O)c2C(=O)c3c(O)c4c(OC5OC=CC45O)cc3Oc12,1
BrCc1ccccc1CBr,0
CCC12OC1O2,1
Oc1ccccc1C(=O)Oc2ccccc2,0
COc1ccc2C3OC3C4CCCCC4c2c1,0
Oc1ccc2c3ccccc3c4c(ccc5ccc1c2c45)[N+](=O)[O-],1
CC(=O)N(O)c1ccccc1,0
C(N1C2C1c3ccccc3c4ccccc24)c5ccccc5,1
NC1=NC(=O)N(C=C1I)C2CC(O)C(CO)O2,0
Nc1ncnc2c1ncn2C3OC(CO)CC3O,1
N#N=NC(c1ccccc1)c2ccccc2,1
CCCCCCC(C\C=C\CCCCCCCC(=O)OC)OC(=O)C,0
C[C@@H](CN1c2ccccc2Sc3ccccc13)N(C)C,0
FC(F)(F)C(F)(F)Cl,0
Cc1cnc2c(cc(C)c3c2nc(N)n3C)n1,1
O=C1c2c(ccc3ccccc23)c4ccc5ccccc5c14,0
NC(CCC(=O)NC(CS)C(=O)NCC(=O)O)C(=O)O,1
Cc1cc(C)c(N)cc1C,1
C1CCC2C(C1)C3OC3c4ccccc24,0
[O-][N+](=O)c1ccc2c3cccc(c3cc(c2c1)[N+](=O)[O-])[N+](=O)[O-],1
Nc1ccc(Cc2ccc(N)cc2)cc1,1
NCCCCCCN,0
CN1N(C(=O)C(=C1C)N=O)c2ccccc2,1
CC1=C(SCCO1)C(=O)Nc2ccccc2,0
Cc1cc2c(C)c3ccccc3c(C)c2cc1C,1
COc1cc(OC)c2C(=O)c3c(O)ccc(OC)c3Oc2c1,1
COC(=O)\C(=C\c1oc(cc1)[N+](=O)[O-])\[N+](=O)[O-],1
ONc1ccc2ccccc2c1,1
CC(=O)N(O)c1ccc(C)cc1,0
CCCOC(=O)c1cc(Cc2ccc(N)c(c2)C(=O)OCCC)ccc1N,0
CN(CC(=O)C)N=O,1
Cc1cccc(OP(=O)(Oc2ccccc2)Oc3ccccc3)c1,0
CC[C@H](CC[C@@H](C)[C@H]1CC[C@H]2[C@@H]3CC=C4C[C@@H](O)CC[C@]4(C)[C@H]3CC[C@]12C)C(C)C,0
Cc1cc2ccccc2c3cc(c4ccccc4c13)[N+](=O)[O-],1
C[C@@H]1O[C@H]1c2ccccc2,0
S=C1SC=C(S1)c2ccccc2,0
COP(=S)(OC)Oc1ccc(SC)c(C)c1,0
CCOP(=S)(OCC)SCSC(C)(C)C,0
CN(C)c1ccc(cc1)N=Nc2cccc(C)c2,1
Nc1c2CCCCc2nc3ccccc13,1
ClC(Cl)C(=O)C(Cl)(Cl)Cl,1
Nc1ccc(\C=C\c2ccc(cc2)C#N)cc1,1
Cc1cc(N=Nc2cccnc2)c(N)cc1N,1
Nc1ccc(cc1)N=Nc2ccccc2,1
CC(=C)C(=O)OCCCCOC(=O)C(=C)C,0
Nc1ccc(cc1)C(=C2C=CC(=N)C=C2)c3ccc(N)cc3,1
OCC[N+](=O)[O-],1
COc1ccc(C(=O)c2ccccc2)c(O)c1,0
CN(C)CCCNc1c2ccccc2nc3c(F)ccc(c13)[N+](=O)[O-],1
Oc1cccc(Nc2ccccc2)c1,0
CCN(N=O)C#N,1
Cn1ccc2c1ccc3ccc4ccc(O)cc4c23,1
COc1ccc2nc3cc(Cl)ccc3c(NC(C)CCCN(CCCl)CCCl)c2c1,1
ClC(Cl)(Cl)Br,1
CN(Cc1ccc(Br)cc1)N=O,1
COc1c(O)cc2OC(=CC(=O)c2c1O)c3ccc(O)cc3,0
CCCCCCCCCCCCCCCC(=O)O,0
[O-][N+](=O)c1ccc(cc1)[N+](=O)[O-],1
Oc1ccc2ccc3c4ccccc4ccc3c2c1,1
Nc1nc2cc(O)ccc2[nH]1,1
CCC\C=C(\CC)/C=O,0
CC\C=C\1/OC(=O)c2ccccc12,1
COc1cc(NS(=O)(=O)C)ccc1Nc2c3ccccc3nc4ccccc24,1
CCCCCCCOc1ccccc1NC(=O)OC(C)CN(CC)CC,0
CC[C@@H](C)OC(=O)\C=C\c1oc(cc1)[N+](=O)[O-],1
Cc1ccccc1C,0
CC(=C)C(=O)C,0
Brc1ccc2C3CCCCC3C4OC4c2c1,0
CCCCCCCCCCCCCCCC(=O)OCC1(O)CC23CCC4c5ccoc5C=CC4(C)C2CCC1C3,0
OCc1cccc(c1)[N+](=O)[O-],0
Cc1c2ccc3ccccc3c2cc4ccc(O)c(O)c14,1
CCC(CCC(C)O)COC(=O)CCCCC(=O)O,0
N\C(=N/O)\c1ccccc1,1
CCOP(=O)(OCC)O\C(=C/Cl)\c1ccc(Cl)cc1Cl,1
CCCCCCCCCCCC(=O)O,0
OC(=O)C(Br)(Br)Br,1
O=S(=O)(Cc1ccccc1)N2C3C2c4ccccc4c5ccccc35,1
BrC(C(=O)NCc1ccccc1)c2ccccc2,0
ClCC(Cl)(Cl)Cl,0
[O-][N+](=O)c1cc(cs1)C(=O)Nc2ccccc2[N+](=O)[O-],1
CC(=C)C=O,1
O1c2c1c3cc4ccccc4cc3c5ccccc25,1
C(Oc1ccccc1Cc2ccccc2)C3CO3,1
CCCN(CCC)S(=O)(=O)c1ccc(cc1)C(=O)O,0
Oc1ccc(cc1)C(=O)\C=C\c2ccccc2,0
COc1cc(N)c2C(=O)c3ccccc3C(=O)c2c1N,1
C[C@@H](CN(C[C@H](C)OC(=O)C)N=O)OC(=O)C,1
[O-][N+](=O)c1ccc2ccc3ccc(c4c5CCCCc5c1c2c34)[N+](=O)[O-],1
Cc1ccc2nc3c(ccc4ccccc34)c(C)c2c1,1
c1ccc(cc1)c2ccccc2,0
[O-][N+](=O)c1ccc2Oc3cc(ccc3Oc2c1)[N+](=O)[O-],1
OC1C(O)c2cc3c(ccc4ccccc34)cc2c5ccccc15,1
C1COCCOCCOCCOCCO1,0
CC(C)NCC(O)COc1ccccc1CC=C,0
[O-][N+](=O)c1ccc2ccc3cccc4c5ccccc5c1c2c34,1
[O-][N+](=O)c1ccc(C=C)cc1,1
COC(=O)c1occ(c2ccccc2)c1c3ccccc3,0
CCC(=O)OCc1ccc(cc1)[N+](=O)[O-],1
CCC(C)c1cc(cc(c1O)[N+](=O)[O-])[N+](=O)[O-],0
CNc1ccc2ccc3ccc(O)cc3c2c1,1
Clc1ccc(CO[C@H](Cn2ccnc2)c3ccc(Cl)cc3Cl)cc1,0
O=C1CCCCCCCCCCCC(=O)OCCO1,0
CCCN(N=O)C(=N)N[N+](=O)[O-],1
Oc1ccc(Cl)cc1Cc2cc(Cl)ccc2O,1
CN(C)c1ccc(cc1)C2CC3(C)C(CCC3(O)CCCO)C4CCC5=CC(=O)CCC5=C24,0
Cc1ccc2cc(ccc2c1)[N+](=O)[O-],1
C\C=C/1\C[C@H](C)[C@@](O)(CO)C(=O)OCC2=CCN3CC[C@@H](OC1=O)[C@H]23,1
[O-][N+](=O)c1ccc2C(=O)c3ccccc3c2c1,1
CN(C)c1ccc(cc1)N=Nc2ccc3[nH]ncc3c2,1
C[N+](C)(C)Cc1ccccc1,0
CCCCCCCCCCCCS,0
CCOC(=O)c1[nH]c2ccccc2c1\N=C\c3ccc(O)cc3,1
Oc1ccc2cc(cc(c2c1N=Nc3ccc(cc3)S(=O)(=O)O)S(=O)(=O)O)S(=O)(=O)O,0
CC(OP(=O)(OC(C)C(Br)CBr)OC(C)C(Br)CBr)C(Br)CBr,1
O[C@@H]1C=Cc2ccc3c(ccc4ccccc34)c2[C@H]1O,1
COC(=O)C1=C(C)N=C(C)C(=C(O)OCCc2ccc(cc2)N3CCN(CC3)C(c4ccccc4)c5ccccc5)C1c6cccc(c6)[N+](=O)[O-],0
CCCCCCCCCCCCCCN(OC(=O)C)c1ccc2c(Cc3ccccc23)c1,1
C=C=O,1
Nc1cc(cc(c1)[N+](=O)[O-])[N+](=O)[O-],1
CC(=O)Nc1ccc(Oc2ccc(cc2)N(O)C=O)cc1,1
NC(=O)c1cc[n+](COC[n+]2ccccc2\C=N\O)cc1,0
O[C@H]1[C@H](O)c2nc3ccc4ccccc4c3cc2c5ccccc15,0
CNc1nc2c3cccnc3ccc2n1C,1
Cc1cccn2c1nc3ccc(N)nc23,1
Oc1c(cc2c3cc(ccc3[nH]c2c1[N+](=O)[O-])[N+](=O)[O-])[N+](=O)[O-],1
CC(C)(C)C1=CC(=CC=C2C=C(C(=O)C(=C2)C(C)(C)C)C(C)(C)C)C=C(C1=O)C(C)(C)C,0
CC1=C(O)C(=O)CO1,1
[O-][N+](=O)c1ccc(s1)[C@@H]2NC(=O)c3ccccc3N2,1
CC(C)(c1cc(Br)c(O)c(Br)c1)c2cc(Br)c(O)c(Br)c2,0
OC1COC(OCC2OC(Oc3ccc4C(=O)c5ccccc5C(=O)c4c3O)C(O)C(O)C2O)C(O)C1O,0
CC(=C)C(=O)OC[C@H]1CO1,1
Cc1cc(ccc1N=Nc2c(O)c3c(N)cc(cc3cc2S(=O)(=O)O)S(=O)(=O)O)c4ccc(N=Nc5c(O)c6c(N)cc(cc6cc5S(=O)(=O)O)S(=O)(=O)O)c(C)c4,1
CC1C=C(C=O)C(=CC2(O)CC(C)(C)CC12)C=O,1
CC(=O)OC(C)(C)C1Cc2cc3C=C(C(=O)Oc3cc2O1)C(C)(C)C=C,0
Clc1ccc2c(oc3ccccc23)c1,1
CC(=O)[C@H]1CC[C@@H]2[C@@H]3CCC4=CC(=O)CC[C@]4(C)[C@H]3CC[C@]12C,0
Nc1cc2c3ccccc3c4cccc(c1)c24,1
CC(C)(C)OC(=O)O\N=C(/C#N)\c1ccccc1,0
COc1cccc(CN(C)N=O)c1,1
CCCCCCCCCCOC(=O)C(=C)C,0
CC(=O)C(=O)c1ccccc1,0
CC(C)S,0
CC(=O)Nc1ccc2ccc3c(O)ccc4ccc1c2c34,1
OCc1ccc2nc3c(ccc4ccccc34)c(CO)c2c1,1
OCc1cc2cccc3ccc4cc5ccccc5c1c4c23,0
CCN(CC[N+](C)(C)C)c1ccc(cc1)N=Nc2ccc(cc2Cl)[N+](=O)[O-],1
[O-][N+](=O)c1ccc2ccc3c4C=CCCc4cc5ccc1c2c35,1
COP(=O)(OC)SC,0
Fc1ccc(CCl)cc1,0
NC(Cc1ccccc1)C(=O)O,0
Nc1ccc(cc1N)c2ccc(N)c(N)c2,1
COc1cc(NS(=O)(=O)C)ccc1Nc2c3ccccc3nc4cc(ccc24)N=N#N,1
C[C@@H]1C[C@H]2OC(=O)C(=C)[C@H]2[C@H](O)[C@]3(C)[C@H]1C=CC3=O,0
CC(C)OS(=O)(=O)c1ccc(C)cc1,1
Nc1cccc2nc3cccc(N)c3nc12,0
CCOc1cccc2cccnc12,0
Cc1ccc(N)cc1O,1
Cn1c(ncc1[N+](=O)[O-])C(O)c2cc(cc(c2O)C(C)(C)C)C(C)(C)C,0
OC(=O)c1ccc(Cl)c(Cl)c1,0
Cc1ncc2CCCc2n1,0
Clc1c(Cl)c(C#N)c(Cl)c(C#N)c1Cl,0
NC(=O)c1ccc(N)cc1,0
Cc1cc(C)c(cc1N=Nc2cc(c3ccccc3c2O)S(=O)(=O)O)S(=O)(=O)O,0
COc1ccc(cc1)C2OC2C,1
[O-][N+](=O)c1cccc2nscc12,1
CN(C)c1ccc(cc1)C(=C2C=CC(=[N+](C)C)C=C2)c3ccccc3,0
OCc1ccc2C(=O)c3ccccc3C(=O)c2c1,0
CCCCCCCC(=O)\N=C\1/SN(C(=O)CCCCCCC)c2ccc(cc12)[N+](=O)[O-],1
OC(=O)CCC(=O)Nc1ccc(Cl)c(Cl)c1,0
CN(C)c1ccc(N=Nc2ccccc2)c(C)c1,1
CC(=O)N(O)c1ccc(cc1)c2ccccc2,1
CN(CCC#N)c1ccc(cc1)N=Nc2ccccc2,1
CN(C)S(=O)(=O)CCNC(=O)N(CCCl)N=O,1
OC1C(O)c2cccc3c4cc5ccccc5cc4C6(OC16)c23,1
C[C@@H]1C(C)(C)c2cc(C)c(cc2C1(C)C)C(=O)C,0
[O-][N+](=O)c1ccccc1COC(=O)c2ccccc2,0
Cc1ccc(N)c(c1)S(=O)(=O)O,0
Oc1c2nc3ccccc3c2nnn1\N=C\c4ccccc4,1
CN(C)c1ccc(\C=C\C=O)cc1,0
C\C=N\N(C)C=O,0
Nc1cnc2c(c1)nc3ccccn23,1
Cc1cccc(NC(=O)c2csc(c2)[N+](=O)[O-])c1,1
Cc1cc(N)ccc1c2ccc(N)cc2C,1
[O-][N+](=O)c1ccccc1SSC(=C(Cl)Cl)F,1
CCCCCCOC(=O)c1ccccc1,0
Oc1ccc2c(c1)c3ccc4ccc5cccc6cc2c3c4c56,1
CCN(CC)CCC[C@@H](C)Nc1ccnc2cc(Cl)ccc12,1
C[C@@H](O)c1ccccc1,0
BrCc1ccc2cccc3c4ccccc4c1c23,1
CC(N(CC1(O)CCC(O)C(O)C1O)N=O)C(=O)O,0
COc1cc2OC3OC4OC4C3c2c5OC(=O)C6=C(CCC6=O)c15,1
COc1cccc2sc(N)nc12,1
Cc1c(C)c(N)ccc1N,0
COc1ccc2cc3c4cc5OCOc5cc4CC[n+]3cc2c1OC,0
OC1C=Cc2c(ccc3c4CCC(=O)c4ccc23)C1O,1
COc1ccc(C(=O)c2ccccc2O)c(O)c1,1
S=C1NCCN1,1
Cc1cccc(NO)c1C,1
Oc1ccc2c(c1)c3cccc4c(ccc2c34)[N+](=O)[O-],1
Oc1cc2ccc3c4ccccc4c5cc6cccc1c6c2c35,0
[O-][N+](=O)c1oc(C=C(C#N)C#N)cc1,1
COc1cc(N)ccc1NC(=O)C,1
COc1c(C)c(N)c(C)cc1N,0
Cc1ccc(C=O)cc1,0
CCN(CC)c1cc(NC(=O)C)c(cc1OC)N=Nc2ccc(cc2)[N+](=O)[O-],1
Nc1cccc2nc3ccccc3nc12,1
Clc1cccc2ncccc12,1
O=C1c2cccc3ccc4ccc5cccc1c5c4c23,0
Cc1cccc(N)c1,0
CCCCN(CC[C@@H](C)O)N=O,1
CC(C)[C@@]12C[C@@H]1[C@H](C)C(=O)C2,0
Cc1c2ccccc2c(CO)c3ccccc13,1
[O-][N+](=O)c1ccccc1CBr,0
CCOc1ccc2nc3cc(N)ccc3c(N)c2c1,1
CC(=O)c1ccccc1,0
CC(=O)N(O)c1ccc(Cl)cc1,0
OC1=C(Oc2cc(O)cc(O)c2C1=O)c3ccc(O)cc3,1
BrC(Br)Br,1
OC(=O)C(Cc1cc(O)nc2ccccc12)NC(=O)c3ccc(Cl)cc3,0
CCOC(=O)CC(C)O,0
Cn1c(nc2ncc(cc12)c3ccccc3)[N+](=O)[O-],1
COc1ccc2Oc3cc(OC)cc(O)c3C(=O)c2c1,1
Cc1ccc2c(CO)c3ccc4ccccc4c3nc2c1,0
CN(C)c1ccc(cc1)N=Nc2ccc(OC3OC(CO)C(O)C(O)C3O)cc2,0
CCOP(=O)(NC(C)C)Oc1ccccc1C(=O)OC(C)C,1
Fc1ccc2cccnc2c1F,1
NN1C(=O)c2ccccc2C1=O,0
Nc1cc2nc3ccccc3nc2cc1N,1
Cc1ccc(cc1N)C(=O)O,1
c1ccc2c(c1)ccc3cc4c(ccc5ccncc45)cc23,1
OC1C2OC2c3c(cc4ccc5cccc6ccc3c4c56)C1O,1
Cc1ncc[nH]1,0
Oc1ccc(c2C(=O)c3c(C(=O)c12)c(O)ccc3[N+](=O)[O-])[N+](=O)[O-],1
Oc1c([nH]c2ccccc12)C3=Nc4ccccc4C3=O,1
O=C1CCCC=C1,0
Cc1cccc2cc3ccc4ccccc4c3nc12,0
COc1cc(C)cc2c(O)c(cc(O)c12)c3c(C)cc4c(O)ccc(O)c4c3OC,0
[O-][N+](=O)c1ccc(s1)c2csc(NC=O)n2,1
CN(N=O)C(=O)NC1C(O)OC(CO)C(O)C1O,1
COP(=O)(OC)N1CCOCC1,0
CC(=O)c1ccc2[nH]c3c(C)cc(c(C)c3c2c1)[N+](=O)[O-],1
COC(=O)C(Cl)Cl,1
COc1ccc2nc(N)sc2c1,1
CCCCCCCCCCCCCC[N+](C)(C)Cc1ccccc1,0
NC(=O)CNC(=O)N(CCCl)N=O,1
Cc1cc(N)c(C)c2c3ccccc3[nH]c12,1
CC12OOC1(C)c3ccc4cccnc4c3O2,0
CCCCCCCCCCCCCCCCCC(=O)OCC1=CC=C2C(=CC[C@H](C=C12)C(=C)C)C,1
N#N=Nc1nc2ccccc2[nH]1,1
ONc1ccc(cc1)c2ccccc2,1
OS(=O)(=O)c1ccccc1,0
NC(=O)NNC(=O)N,0
CN1SC(=CC1=O)Cl,1
NC(=O)C=C,0
[O-][N+](=O)c1cc(ccc1Cl)C(F)(F)F,0
O=NN1CCSC1,1
CC12OC1C3CCCCC3c4ccccc24,0
OC[C@H]1O[C@H]([C@H](O)[C@@H]1O)N(N=O)c2ccc(cc2)[N+](=O)[O-],1
OC1C=Cc2ncccc2C1O,0
[O-][N+](=O)c1ccccc1Cl,1
CC(=O)NNC(=O)c1ccccn1,0
CN(C)c1ccc(cc1)N=Nc2ccccc2C(=O)O,1
Fc1cnc2ccc3ccccc3c2c1,1
CC(=O)Nc1ccc2c(Cc3cc(NC(=O)C)ccc23)c1,1
Cc1cc2cc3ccccc3c4ccc5cccc1c5c24,1
CCOc1ccccc1N,0
CC1CCC2(OC1)OC3CC4C5CC=C6CC(CCC6(C)C5CCC4(C)C3C2C)OC7OC(CO)C(O)C(OC8OC(CO)C(O)C(O)C8O)C7OC9OC(C)C(O)C(O)C9O,0
CCOP(=S)(OCC)OCCSCC,1
Nc1ccc(N=Nc2cccc(c2)N=Nc3ccc(N)cc3N)c(N)c1,1
CC(=O)C(Cl)(Cl)Cl,1
Cc1c[nH]cn1,0
CC(C)[C@@H]1CC[C@@H](C)CC1=O,1
O[C@@H]1Cc2cc3cccc4ccc5ccc1c2c5c34,1
CC(=O)Nc1snc2ccc(Cl)cc12,1
ClC(=C)C=C,0
Nc1ccc(cc1)c2ccc(cc2)c3ccc(cc3)c4ccc(N)cc4,0
CCOP(=S)(OCC)SCN1C(=O)Oc2cc(Cl)ccc12,0
CCOP(=O)(C)SCCN(C(C)C)C(C)C,0
C=CCN(CC=C)N=O,1
COc1cc(Cl)c(OC)cc1Cl,1
N#Cc1cccc(c1)C#N,0
Cc1c(cccc1N=C=O)N=C=O,1
OS(=O)(=O)c1ccc(cc1)[N+](=O)[O-],0
CCCCCOc1ccc(cc1)N=O,1
Oc1ncc(F)c(O)n1,0
CCCCSCCC(N)C(=O)O,0
Oc1ccc2c(Cc3cc(ccc23)[N+](=O)[O-])c1,1
Nc1ccc(N=Nc2ccc(cc2)N=Nc3c(N)c4c(O)c(N=Nc5ccc(cc5)N=Nc6ccc(N)cc6N)c(cc4cc3S(=O)(=O)O)S(=O)(=O)O)c(N)c1,1
o1c(nc2ccccc12)c3ccccc3,0
CC(C)c1cc(ccc1N)c2ccccc2,1
COC1=CC(=O)c2c(nc(C)c3c4ccccc4[nH]c23)C1=O,1
CCS,0
Cc1ccc2c(c1)c3cc4ccccc4c5cc6ccccc6c2c35,1
c1ccc2cnccc2c1,0
FC(F)(F)c1ccccc1,0
CCOC(=O)CC(=O)C,0
COc1ccc([C@H](OC(=O)C)C=C)c2ccccc12,1
C1C=Cc2c1ccc3ccc4ccccc4c23,1
Nc1ccc(cc1)c2ccccc2,1
[O-][N+](=O)c1ccc(SC#N)c(c1)[N+](=O)[O-],1
ONc1cccc2ccccc12,1
CN(N=O)C(=O)c1ccccc1,1
Cc1cnc2c(n1)c(C)cc3c2nc(N)n3C,1
Oc1cc2cccc3ccc4c5ccccc5cc1c4c23,1
CN(C)CCNC(=O)c1cccc2cc(oc12)c3ccccc3,1
CC(=O)OCN(CCCCCl)N=O,1
COc1cc2O[C@H]3OC=C[C@H]3c2c4OC(=O)C5=C([C@@H](O)C[C@@H]5O)c14,1
Cc1cc(N)cc(c1N)[N+](=O)[O-],1
ClCc1ccc2ccc3cc4ccccc4c5ccc1c2c35,0
CN1CCN(CC1)c2cc3N(C4CC4)C5=CC(=O)NC(=O)N5c3cc2F,1
Cc1ccccc1,0
N[C@@H](CCC(=O)NNc1ccc(CO)cc1)C(=O)O,1
[O-][N+](=O)c1c2C=CCCc2c3ccc4cccc5ccc1c3c45,1
Oc1cc2[nH]c3ccccc3c2cc1[N+](=O)[O-],1
COc1cccc2C(=O)c3ccccc3C(=O)c12,1
ClC(=C)C=O,1
[O-][N+](=O)c1c2ccccc2cc3ccccc13,1
OC(=O)c1occc1,0
CN(N=O)C(=N)N[N+](=O)[O-],1
[O-][N+](=O)c1ccc(cc1)[C@@H]2O[C@H]2C(=O)c3ccccc3,0
O[C@H]1[C@H](O)c2cc3ccc4ccccc4c3cc2[C@@H]5O[C@H]15,1
BrC[C@@H](Br)COC(=O)C=C,1
Cc1cc2c(nc(N)n2C)c3nc(C)c(C)nc13,1
COc1cccc(C=O)c1O,0
Cc1ccc(cc1)S(=O)(=O)NC2CCCCC2,0
CC(=O)Nc1cccc(N)c1C(=O)O,1
OC(=O)\C=C\c1ccc(O)c(O)c1,0
Fc1cnc2cccc(F)c2c1,0
NNCCO,1
ClC(Cl)(Cl)C[C@H]1CO1,1
OC[C@@H](O)[C@@H](O[C@H]1O[C@H](CO)[C@@H](O)[C@H](O)[C@H]1O)[C@H](O)[C@@H](O)CO,0
Cc1cccc(c1N)[N+](=O)[O-],1
CCCCC1CO1,0
Brc1cc(Br)c(c(Br)c1)c2c(Br)cc(Br)cc2Br,0
Nc1cc(ccc1Cl)C(F)(F)F,0
CCCCN(CCCC(=O)O)N=O,1
Cc1c2ccccc2cc3c4C=C[C@@H](O)[C@H](O)c4ccc13,1
CCSc1cc(Cc2ccc(N)c(SCC)c2)ccc1N,1
OCC(CBr)(CBr)CBr,1
CCOP(=S)(OCC)Oc1cc(C)nc(n1)C(C)C,0
N#CCCCCC#N,0
Cc1ccccc1Cl,0
O[C@@H]1OCC=C2OC(=O)C=C12,0
C=Cc1ccccn1,0
COc1cccc2OC3(C)OOC3(C)c12,1
Cc1ccc2Cc3cccc4ccc1c2c34,1
Cc1ccc2c(c1)cc3ccc4cccc5ccc2c3c45,1
O=C1C=C(Nc2ccccc2)C(=O)c3ccccc13,1
OC(=O)C(Cc1c[nH]c2ccccc12)NC(=O)COc3cc(Cl)c(Cl)cc3Cl,0
Clc1ccc2ccccc2c1,0
NNC(=O)c1ccncc1,1
BrCc1c2ccccc2cc3ccc4ccccc4c13,1
C[C@H]1CC(=O)O1,1
Clc1cc(Cl)cc(c1)N2C(=O)CCC2=O,0
NC(=O)N(CC(=O)O)N=O,0
CCOC(=O)N(C)N=O,1
CCOC(=O)C1OC1C(=O)NC(CC(C)C)C(=O)NCCC(C)C,0
[O-][N+](=O)c1cc(F)ccc1F,1
BrC=C,1
CCOC(=O)[C@H](SP(=S)(OC)OC)c1ccccc1,0
Cc1cc(N)cc(N)c1,0
Oc1cccc2C(=O)c3ccccc3C(=O)c12,1
C[C@H](CS)[C@@H]1CC[C@@H](C)[C@H](S)C1,0
CC(C(=O)O)c1cccc(c1)C(=O)c2ccccc2,0
COCCOCCOC,0
Nc1ccc2c3ccccc3[nH]c2n1,1
SCCc1cnccn1,0
NC1CCCC(N)C1,0
CCCC(=O)C1c2cccc(O)c2C(=O)c3c(O)cccc13,1
CC(=C)[C@@H]1CC=C(C)[C@@H](O)C1,0
[O-][N+](=O)c1ccc(CBr)cc1,1
Fc1ccc(\C=C\C(=O)c2ccccc2)cc1,0
CCCCOCCOCCSC#N,0
[O-][N+](=O)c1cc2cccc3c4ccccc4c(c1[N+](=O)[O-])c23,1
C[C@H](CCc1ccccc1)NC[C@@H](O)c2ccc(O)c(c2)C(=O)N,0
C[N+]1=CC=C(CC1)c2ccccc2,1
Oc1cccc2cccnc12,1
OC1C(O)c2cc3ccc4cccc5ccc(c2C(O)C1S(=O)(=O)O)c3c45,0
c1ccc2c(c1)ccc3cc4ccc5ccccc5c4nc23,1
CC(N)C(=O)O,0
ClC(=O)c1ccccc1,1
CC(=O)OC(C(=O)c1ccccc1)c2ccccc2,0
Cc1cc2c3ccccc3[nH]c2nc1NO,1
OC(=O)c1cccc(Cl)c1Cl,0
Oc1oc2ccccc2n1,0
NC(=S)Nc1cccc2ccccc12,1
CN(C)Nc1nc(cs1)c2oc(cc2)[N+](=O)[O-],1
CCc1cc(ccn1)C(=S)N,0
Cc1cccc2ncccc12,1
FC(F)(F)CCl,0
Cc1ccc(O)cc1O[P@](=O)(Oc2ccc(O)cc2C)Oc3c(C)cccc3O,0
CC(=O)N(O)c1ccc(Sc2ccccc2)cc1,1
CC1(C)N(Cl)C(=O)N(Cl)C1=O,0
OC[C@H]1CC[C@H](O1)n2cnc3c(O)ncnc23,1
CCOCCOC(=O)C,1
CC(C)(Br)C(=O)Nc1ccccc1,0
Cc1ccccc1[N+](=O)[O-],0
COc1ccc(CN(CCN(C)C)c2ccccn2)cc1,0
CSCCl,1
CC1=C(Oc2c(cccc2C1=O)C(=O)OCCN3CCCCC3)c4ccccc4,0
ONC(=O)Cc1cn(cn1)N=O,1
C1CC[C@@H]2CCCC[C@H]2C1,0
CCN(CCC#N)c1cc(NC(=O)C)c(cc1OC)n2nc3c(Br)cc(N)c(Cl)c3n2,1
COC(=O)c1oc(c(c2ccccc2)c1c3ccccc3)[N+](=O)[O-],1
CSCC(N)C(=O)O,0
OC(=O)c1cccc(c1)C(=O)O,0
CCCCC(=O)N1N=CC(=C(Cl)C1=O)Cl,0
CC(=O)Nc1cccc(C)c1,0
[O-][N+](=O)c1ccc2c3c1cccc3c4cccc5ccc(c2c45)[N+](=O)[O-],1
N[C@@H](CCC(=O)N[C@@H](CS\C(=C(\Cl)/C(=C(Cl)Cl)Cl)\Cl)C(=O)NCC(=O)O)C(=O)O,1
CC(=O)Nc1snc2c(Cl)cc(Cl)cc12,0
CC(C)CCC[C@@H](C)[C@@H]1CC[C@@H]2\C(=C/C=C/3\C(CC[C@@H](C3)O)=C)\CCC[C@@]12C,0
CCCCCC(O)\C=C\C=O,0
CNc1ccc(cc1[N+](=O)[O-])N(CCO)CCO,1
CCC1C(=C(C)c2cc(O)ccc12)c3ccc(O)cc3,0
NC(CCS\C(=C\Cl)\Cl)C(=O)O,1
COc1ccccc1NC(=O)c2csc(c2)[N+](=O)[O-],1
C1=Cc2c3ccc4ccccc4c3cc5cccc1c25,1
OC(=O)c1oc(cc1)[N+](=O)[O-],1
C1O[C@H]1c2ccccc2,1
C1=Cc2c3ccccc3cc4cc5ccccc5c1c24,1
Fc1cc(F)c2ncccc2c1,1
CC[C@@]12O[C@]1(C(=O)OC)C(=O)N[C@]2(C)O,1
Cn1c(NO)nc2c3cccnc3ccc12,1
O1[C@@H]2[C@H]1c3cc4c(ccc5ccccc45)cc3c6ccccc26,1
O[C@H](C=C)c1ccc2OCOc2c1,0
CC1CCC2C(C)C3C(CC4C5CC=C6CC(CCC6(C)C5CCC34C)OC7OC(CO)C(OC8OC(C)C(O)C(O)C8O)C(O)C7OC9OC(C)C(O)C(O)C9O)N2C1,0
O=S1(=O)CCCCO1,1
CC1(N(O)c2ccccc2/C/1=N\c3ccccc3)c4ccccc4,0
CCSCC[C@H](N)C(=O)O,0
C1Cc2c(cc3ccc4cccc5ccc2c3c45)[C@@H]6O[C@H]16,1
CCOC(=O)c1ccccc1C(=O)OCC,0
CCCCCCCCCCCCCO,0
CC(C)COC(=O)Cc1ccccc1,0
COCCOCCO,0
O=P(Oc1ccccc1)(Oc2ccccc2)Oc3ccccc3,0
OC(CN=N#N)CN=N#N,1
[O-][N+](=O)c1ccc2cc(c3ccc(cc3c2c1)[N+](=O)[O-])[N+](=O)[O-],1
Clc1c2ccccc2cc3c1ccc4ccccc34,1
CC(\C=C(\C#N)/c1ccc(Br)cc1)C(C(C#N)c2ccc(Br)cc2)c3ccccc3,0
Cn1c(nc2ccccc12)[N+](=O)[O-],1
CC(=O)Nc1nnc(s1)c2oc(cc2)[N+](=O)[O-],1
COC(=O)\C(=C\C)\C=C(/C)\C=C(/C)\C=C\C=C(/C)\C(=O)[C@@]12O[C@@H]1[C@](O)(CCO)NC2=O,1
CCCCCCCCCCCCCC=C,0
Cc1cccc2cccc(c12)[N+](=O)[O-],1
CCc1c2C3NC3c4ccccc4c2cc5ccccc15,1
ClC(C(=O)Cl)c1ccccc1,1
Oc1ccc2cc(ccc2c1N=Nc3ccccc3)S(=O)(=O)O,0
Brc1ccc(CN2C3C2c4ccccc4c5ccccc35)cc1,1
Nc1snc2ccc(cc12)[N+](=O)[O-],1
C\C=C\C1=CC(=O)C23CC2C(C)(C)OC3(O)C1=O,1
NCCCN,0
N1c2ccccc2Sc3ccccc13,0
CCN(CC)CCn1nc2ccc(C)c3c4ccc(Cl)cc4Sc1c23,1
C\C(=C(\Cl)/C(=O)O)\C=O,1
NC(=O)c1ccc(cc1)[N+](=O)[O-],1
CC1(C)COC1=O,1
C[C@]12CC[C@H]3[C@@H](CC[C@H]4C[C@H](CC[C@]34C)OC(=O)COc5ccc(cc5)N(CCCl)CCCl)[C@@H]1CCC(=O)N2,1
O=C1NS(=O)(=O)c2ccccc12,0
CC(=O)OC12CCC3[C@](CCC4[C@@]3(C)CCC[C@@]4(C)C(=O)O)(CC1=C)C2,0
N[C@@H](CSCc1ccccc1)C(=O)O,0
Cc1ccc(\C=C\c2ccc(cc2)[N+](=O)[O-])cc1,1
OCCN(CCO)c1ccc(cc1O)[N+](=O)[O-],1
Cn1c(NS(=O)(=O)O)nc2c3nc(CO)cnc3ccc12,0
Nc1ncnc2c1ncn2[C@@H]3CC[C@H](CO)O3,1
[O-][N+](=O)c1cccc2oc3ccccc3c12,1
CCCOC(=O)c1ccc(O)cc1,0
COc1cc(c(O)c(c1)C(C)(C)C)[N+](=O)[O-],0
CCOC(=O)c1ccc(cc1)N(O)C=O,0
OO[C@@H]1CCCc2ccccc12,1
O=C1CCC(N2C(=O)c3ccccc3C2=O)C(=O)N1,0
Nc1nc2cc(ccc2[nH]1)C#N,1
[O-][N+](=O)c1cccc(CO\N=C\c2nc3cc(ccc3n2Cc4ccc(Cl)cc4)[N+](=O)[O-])c1,0
O=C1CNC(=O)N1,0
Oc1ccc2C(=O)c3c(O)ccc(O)c3C(=O)c2c1O,1
COC[C@H]1CO1,1
COc1ccc(CN(CC[N+](C)(C)[O-])c2ccccn2)cc1,0
Cc1ccc(cc1)N(N)c2ccc(C)cc2,1
Cc1cc(cc(C)n1)c2cc3N(C4CC4)C5=CC(=O)NC(=O)N5c3cc2F,1
c1ccc2c(c1)c3cccc4cc5ccccc5c2c34,1
Cc1ccccc1NC(=O)c2csc(c2)[N+](=O)[O-],1
Clc1nncc2ncccc12,0
CN(Cc1ccc(C)cc1)N=O,0
O=C1c2ccccc2CCc3ccccc13,0
Cc1cccc2cccnc12,1
COc1cc2c(CC3c4c(CC[N+]3(C)C)cc(OC)c(O)c24)cc1O,0
C(SSCc1ccccc1)c2ccccc2,1
Cc1cc2cc3cc(C)c(N)cc3nc2cc1N,1
Clc1cccc2C(=O)c3c(NC(=O)c4ccccc4)cccc3C(=O)c12,1
CCCCCCCCCc1ccccc1C(CO)OS(=O)(=O)O,0
ClCBr,1
CCNc1cc(O)ccc1C,1
c1ccc2[nH]ccc2c1,0
COc1ccc(OC)cc1,0
O=NN1CCC[C@@H]1c2cccnc2,1
[O-][N+](=O)c1ccc2Oc3ccccc3Oc2c1,1
CC(=O)Nc1ccc(Oc2ccc(NC(=O)C)cc2)cc1,0
COC(=O)C(=C)C#N,1
NC(CSC(F)(F)C(Cl)Br)C(=O)O,1
C[C@@H](O)CN(C[C@@H](C)O)C[C@@H](C)O,0
Cc1ccc(NN=NCc2ccccc2)cc1,1
CCCCCCCCCCCCCCCCCC(=O)NCCCCC(NC(=O)CCC(NC(=O)C(C)NC(=O)C(C)OC(C(O)C(O)CO)C(NC(=O)C)C=O)C(=O)N)C(=O)O,0
ClC(=C(c1ccc(Cl)cc1)c2ccc(Cl)cc2)Cl,0
[O-][N+](=O)c1ccc2cccc3c4ccccc4c1c23,1
COc1ccccc1c2ccccc2,0
Brc1ccc(\C=C\C(=O)c2ccccc2)cc1,0
CC1c2ccccc2c3ccc(F)cc13,1
Nc1cccc2C(=O)c3c(N)cccc3C(=O)c12,1
CCn1c2ccccc2c3cc(N)ccc13,1
CC1C2C(=Nc3ccccc23)N(C)c4c(C)cccc14,1
CNc1ccc(NCCO)c2C(=O)c3ccccc3C(=O)c12,1
CN(C)N=Nc1ccc(cc1)[N+](=O)[O-],1
NNc1nc2ccc3nc4ccccc4c(O)c3c2s1,1
[O-][N+](=O)c1ccc2c3ccc(cc3C(=O)c2c1)[N+](=O)[O-],1
COc1cccc2c1cc3N([C@@H]4O[C@H](CO)[C@@H](O)[C@H](O)[C@H]4O)C(=O)c5cc6OCOc6c2c35,0
COC(C)(C)C,0
Oc1ccccc1c2ccccc2O,0
COc1ccc(C=O)cc1OC,0
Cc1ccc(cc1)S(=O)(=O)N2N=CC(=C(Cl)C2=O)Cl,0
CC(C)c1c(N)ccc2c1Cc3ccccc23,1
CCOP(=S)(OCC)Oc1ccc(cc1)S(=O)C,0
Br[C@@H]1CC[C@H](Br)[C@H](Br)CC[C@@H](Br)[C@@H](Br)CC[C@H]1Br,0
CCN(CC)C(=O)\C(=C(\C)/OP(=O)(OC)OC)\Cl,1
COc1cc(OC)c(Cl)c(c1)N2C(=CC(=O)C(=C2c3ccc(F)cc3)C)c4ccccc4,0
Cc1ccc(c(O)c1C(O)c2ncc([N+](=O)[O-])n2C)C(C)(C)C,0
CC1(C)CC(C(=O)NCCCCCCCCCCCC(=O)O)C(C)(C)N1O,0
COc1cc(C=O)ccc1O,0
CNCCCN1c2ccccc2CCc3ccccc13,0
CN(N=O)C(OC(=O)C)C(=O)C,1
CC1=CC(=O)Oc2c3CCCN4CCCc(cc12)c34,1
CC(C)(C)OC(=O)NC(CN=N#N)C(=O)OC(C)(C)C,1
CC(=O)N,0
OC(=O)\C(=C(/CCl)\C=O)\Cl,1
CC(=O)N1N=CC(=C(Cl)C1=O)Cl,0
ClCC(=O)Nc1snc2cc(Cl)ccc12,1
ONc1cc2ccccc2[nH]1,1
OC(=O)c1c(O)cc2C(=O)c3ccccc3C(=O)c2c1O,0
Cc1cc(N)c(c(C)c1N)[N+](=O)[O-],0
CC(C)(C)O,0
NCN,1
OP(=O)(OCC(Br)CBr)OCC(Br)CBr,1
Cn1ccc2ccc3ccc4ccc(O)cc4c3c12,1
[O-][N+](=O)c1cccc2c1oc3ccccc23,1
[O-][N+](=O)c1ccc(cc1)C(=O)Cl,1
CC(C)NCC(O)COc1cccc2[nH]c3ccccc3c12,0
CC(C)(C)COC(=O)C=C,0
OC1C2OC2c3c(ccc4ccc5c6ccccc6ccc5c34)C1O,1
OC(=O)c1ccc2C(=O)OC(=O)c2c1,0
C[n+]1c2ccccc2c(N)c3ccccc13,1
COc1ccc(cc1)C(c2ccc(OC)cc2)C(Cl)(Cl)Cl,0
CCCCN(C[C@@H](O)C1=CC(=[N+]=[N-])C(=O)C=C1)N=O,1
CN(C)c1ccc(cc1)N=Nc2ccc3ncsc3c2,1
OC(=O)\C=C\C=C\C(=O)O,0
CCCCC(=C)C=O,1
Nc1ccc(Sc2ccc(N)cc2)cc1,1
OC1C(Oc2cccc3c4ccc5cccc6ccc(cc23)c4c56)OC(C(O)C1O)C(=O)O,0
C1COCCOCCOCCOCCOCCO1,0
O=C1C(C(=O)c2ccccc12)c3ccc4ccccc4n3,1
CCN(CC)CC,0
CCCNC(=O)NS(=O)(=O)c1ccc(Cl)cc1,0
Brc1c(Br)c(Br)c(Oc2c(Br)c(Br)c(Br)c(Br)c2Br)c(Br)c1Br,0
Oc1cccc2Oc3cc4OC5OC=CC5c4c(O)c3C(=O)c12,0
N[C@H](Cc1ccc(F)cc1)C(=O)O,0
C[C@@H]1O[C@@H](O[C@H]2C[C@](O)(CO)Cc3c(O)c4C(=O)c5ccccc5C(=O)c4c(O)c23)[C@H](I)[C@H](O)[C@@H]1O,1
COc1cc(ccc1N=Nc2cc(c3ccccc3c2O)S(=O)(=O)O)c4ccc(N=Nc5c(O)c6ccc(N)cc6cc5S(=O)(=O)O)c(OC)c4,1
BrCCC(=O)N1CCN(CC1)C(=O)CCBr,1
Clc1ccc(cc1)c2oc3ccccc3n2,0
CCCCN(CC)CC,0
CC(C)COC(=O)C(=C)C,0
FC(C(F)(F)F)C(F)(F)F,0
c1ccc2c(c1)c3ccc4ccc5cccc6cc2c3c4c56,1
ClC\C=C\CCl,1
Oc1ccc(cc1[N+](=O)[O-])c2ccccc2,0
CCCCON(OC(=O)C)C(=O)c1ccc(Br)cc1,1
C\C=C/C=C\C(=O)O,0
BrCCC(Br)Br,1
Cc1ccc(NC2OC[C@@H](O)[C@H](O)[C@H]2O)cc1,1
CN1CCC(=CC1)c2ccccc2,0
CCC1(O)CC(OC2CC(C(O)C(C)O2)N(C)C)c3c(O)c4C(=O)c5c(O)cccc5C(=O)c4cc3C1C(=O)OC,1
CC(=O)CN(COC(=O)C)N=O,1
CNS(=O)(=O)c1ccc(N)cc1,0
Cc1cc(C)cc(c1)[N+](=O)[O-],1
NC(CCC(=O)NC(CSC(=O)NCCCCl)C(=O)NCC(=O)O)C(=O)O,1
Sc1nc2ccccc2s1,0
CCOc1ccc(cc1)[N+](=O)[O-],1
Nc1ccc(c(Cl)c1)c2ccc(N)cc2Cl,1
O=C1C=CC(=O)N1c2ccc(Cc3ccc(cc3)N4C(=O)C=CC4=O)cc2,0
Cn1c(N=N#N)nc2ccccc12,1
CN(C)CCN(Cc1ccc(O)cc1)c2ccccn2,0
N(Nc1ccccc1)c2ccccc2,1
ClC(=C1CC(=O)NC1=O)Cl,1
CC(=O)Nc1snc2ccccc12,1
CC(O)C(NC(=O)C(C)C(O)C(C)NC(=O)C(NC(=O)c1nc(nc(N)c1C)C(CC(=O)N)NCC(N)C(=O)N)C(OC2OC(CO)C(O)C(O)C2OC3OC(CO)C(O)C(OC(=O)N)C3O)c4c[nH]cn4)C(=O)NCCc5nc(cs5)c6nc(cs6)C(=O)NCCc7c[nH]cn7,1
C[C@@H](Cl)CCl,1
C\C=N/O,1
Fc1ccc(CN2C3C2c4ccccc4c5ccccc35)cc1,1
C(COCC1CO1)OCC2CO2,1
CC(=O)N(OC(=O)c1ccccc1)c2ccc3c(Cc4ccccc34)c2,1
NC[C@@H]1CC[C@H](CC1)C(=O)c2ccc(CCC(=O)O)cc2,0
ClCCSCCCl,1
CS(=O)(=O)Nc1ccc(Nc2c3ccccc3nc4ccc(cc24)N=N#N)cc1,1
CCCC(=O)Nc1ccc(OC[C@H](O)CNC(C)C)c(c1)C(=O)C,0
COc1ccc2[C@H](OC(=O)c2c1OC)[C@@H]3N(C)CCc4cc5OCOc5cc34,0
Cc1cc(Cl)ccc1O,0
Cc1nn(C)c(N)c1C(=O)c2ccccc2F,1
CN,0
NCCc1c[nH]c2ccccc12,0
CC1=Nc2ccccc2C1(C)C,0
CO\N=C(/C(=O)NC1C2SCC(=C(N2C1=O)C(=O)O)C[n+]3ccn4ncccc34)\c5nsc(N)n5,0
CCC\C=C\C(=O)OC1C(C)(C)CC2C1(O)C=C(C=O)C34CC23C(=O)OC4O,1
CN(Cc1cnc2nc(N)nc(N)c2n1)c3c(Cl)cc(cc3Cl)C(=O)N[C@@H](CCC(=O)O)C(=O)O,0
Cc1cc2CCCc2c3ccc4ccccc4c13,0
Clc1cnc2ccccc2c1,0
OCC(O)C(O)C(O)C(O)C=O,0
OC(=O)CCCCCCCCC(=O)O,0
Cc1ccc2[nH]c(N)nc2c1,1
Cc1ccc(C)c2c1ccc3ccccc23,1
CC(C)N1C(=O)c2ccccc2NS1(=O)=O,0
Cc1ccc(\C=C\c2ccc(N)cc2)cc1,1
[O-][N+](=O)c1oc2c(c1)cc3ccc4cccc5ccc2c3c45,1
CC(=O)\C=C\c1occc1,0
Cc1ccc2cccnc2c1,1
CC(=O)Nc1ccc(\C=N\n2nnc3ccnc3c2O)cc1,1
OC1COC(C(O)C1O)N(N=O)c2ccc(cc2)C(=O)O,1
[O-][N+](=O)c1ccccc1Br,1
Oc1ccc(cc1)C2=CC(=O)c3c(O)cc(O)cc3O2,0
Cc1ccc(cc1C(=O)O)[N+](=O)[O-],1
COP(=S)(OC)Oc1ccc(N)c(C)c1,1
COc1cc(ccc1N)N=Nc2ccccc2,1
COCC1CN(C)C2Cc3cn(C)c4cccc(C2=C1)c34,1
C[C@@H](CCN(C)C)N(C)C,0
CCN1C=C(C(=O)O)C(=O)c2cc3OCOc3cc12,1
Oc1c2nc3ccccc3c2nnn1\N=C\c4ccc(cc4)c5ccccc5,0
NCCNCCNCCNCCNCCN,1
Cc1c2C3OC3c4ccccc4c2c(C)c5ccccc15,1
Oc1cc2OCOc2cc1N=O,1
NCc1cccc(CN)c1,0
Fc1cccc2c3c(ccc12)c4cccc5cccc3c45,1
Cc1cccc(C)c1Nc2cc(Cl)nc(SCC(=O)NCCO)n2,0
[O-][N+](=O)c1ccc(cc1)c2ccc(cc2[N+](=O)[O-])[N+](=O)[O-],1
COc1c(C=O)c(O)cc2C(=O)c3ccccc3C(=O)c12,0
CCOC(=O)\C=C\c1oc(cc1)[N+](=O)[O-],1
COc1c(Cl)cc2c(N(C)C3N4C(=O)C5(C)SSC4(C(O)C23O)C(=O)N5C)c1OC,0
CN1N(C(=O)C(=C1C)N)c2ccccc2,0
CCN(C)N=O,1
CC(C)COC(=O)CCCCC(=O)OCC(C)C,0
OC(=O)c1cc(O)nc(O)n1,0
NCCCNCCCCN(CCCN)N(O)N=O,1
CC(=O)OC(OC(=O)C)c1oc(cc1)[N+](=O)[O-],1
CC(C)(C)N(CCO)CCO,0
COc1ccc(cc1)C(=O)ON(OCc2ccccc2)C(=O)c3ccccc3,1
CCc1c2ccccc2cc3c4C5OC5C(O)C(O)c4ccc13,1
CC1(Cn2ccnn2)C(N3C(CC3=O)S1(=O)=O)C(=O)O,0
CSCCC(NC(=O)C(N)Cc1c[nH]c2ccccc12)C(=O)NC(CC(=O)O)C(=O)NC(Cc3ccccc3)C(=O)N,0
CCC1(CC(=O)O)OCCc2c1[nH]c3c(cccc23)C(C)O,0
COc1cc(\C=C\C(=O)O)ccc1O,0
CC(CN1CC(=O)NC(=O)C1)N2CC(=O)NC(=O)C2,0
COc1ccc2cc(CCC(=O)C)ccc2c1,0
CC(=O)N[C@@H](CS\C(=C(/Cl)\C(=C(Cl)Cl)Cl)\Cl)C(=O)O,1
Cc1ccc(NC(=O)c2csc(c2)[N+](=O)[O-])cc1,1
O[C@@H]1C=Cc2c(ccc3c2ccc4ccccc34)[C@H]1O,1
CCOC(=O)C(C#N)c1snc2c(cccc12)[N+](=O)[O-],1
[O-][N+](=O)c1cc2cccc3ccc4cccc1c4c23,1
CC(C)OC(=O)CC(=O)OC(C)C,0
Cc1ccccc1N=Nc2ccc(N)c(C)c2N,1
Clc1cc(Cl)c(Cl)c(Cl)c1,0
Cc1cccc2c1cc(C)c3c4C5OC5C(O)C(O)c4ccc23,1
[O-][N+](=O)c1cccc(I)c1,0
OC1C=Cc2ccc3ncccc3c2C1O,0
[O-][N+](=O)c1c(Cl)cc(Cl)cc1Cl,0
OC(=O)COc1ccc2ccccc2c1,0
N\C(=N/O)\c1oc(cc1)[N+](=O)[O-],1
Oc1ccc2ccccc2c1N=Nc3ccc(cc3)S(=O)(=O)O,0
NCCO,0
ONc1ccccc1c2ccccc2,1
OC1=C(O)C23CCCCC2(O3)c4cc5ccc6ccccc6c5nc14,0
CCN(CC)c1ccc(N=O)c(O)c1,0
Nc1cc(ccc1O)[N+](=O)[O-],1
CCc1cc(Cc2cc(C)c(N)c(CC)c2)cc(C)c1N,0
O=C(\C=C\C=C\c1ccc2OCOc2c1)N3CCCCC3,0
CCCCNC(=O)NS(=O)(=O)c1ccc(C)cc1,0
CCC(C)C1NC(=O)C(=C1O)C(=O)C,0
CCCN(CCC)C(=O)SCC,0
CN(N=O)C(=O)N,1
C=CC(=O)N(C[C@H]1CO1)C[C@H]2CO2,1
N#Cc1ccccc1,0
[O-][N+](=O)c1ccc2c(cc3c(cccc3c2c1)[N+](=O)[O-])[N+](=O)[O-],1
Nc1ccc(O)cc1,0
ClCc1ccc(Cl)cc1,0
CCCCCCCCCCCCCCCCCC[N+](C)(C)Cc1ccccc1,0
Nc1c2ccccc2nc3ccc(cc13)[N+](=O)[O-],1
Nc1ccc2c(c3ccccc3C(=O)O)c4ccc(N)cc4[o+]c2c1,0
ClCCNCCCNc1c2ccccc2nc3ccccc13,1
ClC1=C(Cl)C(=O)N(N=C1)S(=O)(=O)c2ccccc2,0
CC(=O)O[C@@H]1C(=O)[C@]2(C)[C@@H](O)C[C@H]3OC[C@@]3(OC(=O)C)[C@H]2[C@H](OC(=O)c4ccccc4)[C@@]5(O)C[C@H](OC(=O)[C@H](O)[C@@H](NC(=O)c6ccccc6)c7ccccc7)C(=C1C5(C)C)C,0
ClSC(Cl)(Cl)Cl,1
CN1CC(CBr)CC2C1Cc3c[nH]c4cccc2c34,1
COc1cc(NS(=O)(=O)C)ccc1Nc2c3ccccc3nc4ccc(cc24)N=N#N,1
OCCN1C(=O)N(CCO)C(=O)N(CCO)C1=O,0
Clc1ccc(NC(=O)Nc2ccc(Cl)c(Cl)c2)cc1,0
CC(C)(C)OC(=O)N\N=C\C1=CN(O)c2ccccc2N1O,1
Cc1cc(Cc2cc(C)cc(c2O)C(C)(C)C)c(O)c(c1)C(C)(C)C,0
CC1OC(CC(N)C1O)OC2CC(O)(Cc3c(O)c4C(=O)c5cccc(O)c5C(=O)c4c(O)c23)C(=O)C,1
CCOc1ccc(cc1)N=O,1
CN(C)CCN1C=CN(C)C1\C=N\O,0
CCCCCCCCCCCCN(C)N=O,1
CCCCCCC(CCCC)COc1ccc(cc1)c2ccc(cc2)c3ccc(cc3)c4ccc(OCC(CCCC)CCCCCC)cc4,0
CCN(CC)c1ccc2C(=C3C=CC(=[N+](CC)CC)C=C3Oc2c1)c4ccccc4C(=O)O,0
COC(=O)C(=C)Cl,1
COc1cc(O)c2c(O)c3C(=O)OC(=Cc3c(OC)c2c1)C,1
CC1(C)CCCC(C)(C)N1O,0
Nc1ccc2c(ccc3c4ccccc4ccc23)c1,1
CCOC(=O)C(=NNc1ccc(cc1OC)c2ccc(NN=C(C(=O)OCC)C(=O)OCC)c(OC)c2)C(=O)OCC,0
OC(=O)c1cccc2cccnc12,0
CCN(CC)c1ccc2C(=CC(=O)Oc2c1)C(F)(F)F,0
O=C1Oc2cc3occc3cc2C=C1,0
CCCCN(CCCC)N=O,1
CCc1ccc(C)cc1,0
[O-][N+](=O)c1ccc2ccc3c(cccc3c2c1)[N+](=O)[O-],1
CN(C)C(=O)Cl,1
[O-][n+]1cc2ccccc2cn1,0
Cc1ccc(C=C)cc1,0
C[C@@H]1c2ccccc2c3ccc(C)cc13,1
COc1ccc2c(c1)c(CC(=O)O)c(C)n2C(=O)c3ccc(Cl)cc3,0
[O-][N+](=O)c1ccc2c(CCc3cc(ccc23)[N+](=O)[O-])c1,1
Cc1c(Cn2ccnc2)c3cc(ccc3n1Cc4ccccc4)[N+](=O)[O-],1
CCCOC(=O)C(=C)C,0
[O-][N+](=O)c1cc2CCc3cc(cc4ccc(c1)c2c34)[N+](=O)[O-],1
CCC(C)(C)c1ccc(O)cc1,0
CC(C)c1ccc(OP(=O)(Oc2ccccc2)Oc3ccccc3)cc1,0
Cc1c2ccccc2cc3ccccc13,1
CCCCOC(=O)CCCCCCCCC(=O)OCCCC,0
Cc1ccc(N)cc1Cl,1
CC(C)(c1ccccc1)c2ccc(O)cc2,0
[O-][N+](=O)c1ccc2ccc3c4ccccc4nc5ccc1c2c35,1
Oc1c(I)cc(Cl)c2cccnc12,0
CCCCN(CC(=O)CC)N=O,1
COc1cc2nc3occc3c(OC)c2cc1OC,1
COc1c(OCC2OC2(C)C)ccc3c(OC)c4ccoc4nc13,0
CN(CCCCO)N=O,1
COC(=O)CC(=O)C,0
CCN1CCN=N1,1
CN(C)CCN(Cc1ccc(Cl)s1)c2ccccn2,0
CC(C)(Cl)[N+](=O)[O-],1
OC(=O)\C=C\c1ccc(cc1)[N+](=O)[O-],1
CCN(CCCl)CCCNc1c2ccccc2nc3c(OC)cccc13,1
ON(C=O)c1ccc(\C=C\c2ccccc2)cc1,1
CN1CC[C@@H](CN2c3ccccc3Sc4ccccc24)C1,0
CC(=O)OC1(CCC2C3CCC4=CC(=O)CCC4(C)C3CCC12C)C#C,0
CN(C)CCNC(=O)c1cc2ccccc2c3cccnc13,1
Cc1ccc(N)cc1N=[N+]([O-])c2cc(N)ccc2C,1
CC(=O)CC(=O)Nc1ccc(C)cc1,0
COC(=O)C12Oc3ccc(c(O)c3C(=C1C(=O)CC(C)C2O)O)c4ccc5OC6(C(O)C(C)CC(=O)C6=C(O)c5c4O)C(=O)OC,0
C[C@H]1C[C@H](CC(C)(C)C1)OC(=O)c2ccccc2O,0
CCC[C@](C)(COC(=O)N)COC(=O)NC(C)C,0
COC(=O)c1oc(NOC(=O)C)c(c2ccccc2)c1c3ccccc3,0
COc1cc2OC3OCCC3c2c4OC(=O)C5=C(CCOC5=O)c14,0
CC1=CC(=O)C=CC1=O,0
O[C@@H]1OC(=O)C(=C1C(Cl)Cl)Cl,1
CCN(CCCl)c1ccc(cc1)c2nc3cc(ccc3[nH]2)c4nc5cc(ccc5[nH]4)N6CCN(C)CC6,0
OS(=O)(=O)c1ccc(Oc2ccc3c4ccccc4C(=O)c5cccc2c35)cc1,1
COc1c(OC)c2occc2c3OC(=O)C=Cc13,0
N#C[Se]Cc1ccccc1,1
[O-][N+](=O)c1ccc(OC=C)cc1,1
COC=O,0
CCOC(=O)[C@H](C)O,0
ClC(Cl)c1ccccc1,1
Cc1ccnc2ccccc12,1
[O-][N+](=O)c1ccc2ccc3nc4ccccc4c5ccc1c2c35,1
C[N+]1(C)CCOCC1,0
CCN(Cc1cccc(c1)S(=O)(=O)O)c2ccc(cc2)C(=C3C=CC(=[N+](CC)Cc4cccc(c4)S(=O)(=O)O)C=C3)c5ccccc5S(=O)(=O)O,1
[O-][N+](=O)c1ccc2c3CCCCc3c4cccc5ccc1c2c45,1
CC(=O)C1=C(C(=O)C(=C1)C(C)(C)C)C(C)(C)C,0
CC(C)Cc1nccs1,1
BrCC(=O)Nc1ccccc1,0
Cc1c2C(O)C(O)c3ccccc3c2cc4ccccc14,1
O1[C@@H]2C=Cc3cc4ccc5cccc6ccc(c3[C@H]12)c4c56,1
[O-][N+](=O)c1ccc(\C=C\C=O)cc1,1
Cn1c(N=N#N)nc2ccc3ncccc3c12,1
BrCCCBr,0
CN(C)c1nc2c3cccnc3ccc2n1C,1
CN(C)CCCN1c2ccccc2CCc3ccccc13,0
CC(=O)c1cc(cc2c1CCC2(C)C)C(C)(C)C,0
COc1ccc(CNCC(O)COc2ccc3nc(O)ccc3c2)cc1OC,0
CC1(OO)c2ccccc2c3ccccc13,1
CCCOc1cc2C(=O)CCc2c3ccc4ccccc4c13,0
OC1C=CC2OC2C1O,1
Oc1c2nc3ccccc3c2nnn1\N=C\c4ccc(Cl)cc4,1
CCCC(=O)OCc1cccc(c1)[N+](=O)[O-],0
[O-][N+](=O)c1cccc(CCl)c1,1
Br\C(=C/c1ccccc1)\C=O,1
Oc1ccc2c(ccc3c4ccccc4ccc23)c1,1
CC(C)(C)c1ccc(cc1)c2ccc(cc2)N=O,1
Clc1cc(Cl)nc(Cl)n1,0
N1C2C1c3cc4ccccc4cc3c5ccccc25,1
C=C[C@H]1CO1,1
S=C(NC1CCCCC1)NC2CCCCC2,0
CCN(CC)CC#CCOC(=O)C(O)(C1CCCCC1)c2ccccc2,0
CCCCCCCCCCCCCCCCCCOC(=O)CCc1cc(c(O)c(c1)C(C)(C)C)C(C)(C)C,0
Oc1c(Cl)cc(Cl)c2cccnc12,0
CC1(C(Cl)Cl)C2C(Cl)C(Cl)C1(C(Cl)Cl)C(Cl)C2Cl,0
Oc1c(Br)cc(cc1Br)C#N,0
C=C1CC(=O)O1,0
CCOc1ccc(N)cc1N,1
Cn1c(N)nc2nc3ccncc3cc12,0
CCOCCc1c(nc(N)n2ncnc12)c3ccccc3,0
CCOC(=O)N(N=O)C(CCC=O)c1cccnc1,1
CNC,0
OCCCN=N,1
OC(=O)C(F)(F)C(F)(F)C(F)(F)C(F)(F)C(F)(F)C(F)(F)C(F)(F)C(F)(F)C(F)(F)F,0
S=C1SSC2=NCCN12,0
O=C1CCCCCN1,0
CC(=O)Nc1ccc(Cc2ccc(NC(=O)C)c(Cl)c2)cc1Cl,1
O=Cc1cccc(c1)c2ccccc2,0
COC(=O)CC(=O)OC,0
Cc1nc2ccc3c(nc(N)n3C)c2nc1C,1
COC1=CC(=O)C(=O)C(=C1)C(C)(C)C,0
CC(=O)NNc1ccc(CO)cc1,1
NNc1ccc(cc1)[N+](=O)[O-],1
CC[C@@H](C)[C@H](C)CO,0
CC(=O)Nc1cccc(O)c1,0
Oc1ccc(\C=N\c2snc3ccccc23)cc1,1
OC(=O)CN(CC(=O)O)CC(=O)O,0
COC1=C(OC)C(=O)C(=C(C)C1=O)C\C=C(/C)\CC\C=C(/C)\CC\C=C(/C)\CC\C=C(/C)\CC\C=C(/C)\CC\C=C(/C)\CC\C=C(/C)\CC\C=C(/C)\CC\C=C(/C)\CCC=C(C)C,0
Oc1cccc2c1ccc3[nH]c4ccc5ccccc5c4c23,1
COc1ccc(CCl)cc1,0
CN1C[C@@H](c2ccccc2)c3cccc(N)c3C1,0
CCOC(=O)C1=Cc2cc3CCCN4CCCc(c2OC1=O)c34,0
CC(NCc1ccccc1)C(=O)NCc2ccccc2,0
Cc1ccc(cc1C)[N+](=O)[O-],1
Cc1ccc2C(=O)N3C=C(CC3C(O)Nc2c1O)\C=C\C(=O)N,1
COC(=C1[C@H](C(=C(C)N=C1C)C(=O)OCC(=O)C)c2ccccc2[N+](=O)[O-])O,0
CC1(CO1)C=C,0
CC(=O)Nc1ccc(cc1)C(=O)O,0
[O-][N+](=O)\C=C\c1occc1,0
Nc1nc(nc2c1ncn2c3ccc(cc3)[N+](=O)[O-])c4ccc(cc4)[N+](=O)[O-],1
Oc1c(Br)c(Br)c(Br)c(Br)c1Br,0
CC(C)[C@@H]1NC(=O)[C@@H](NC(=O)C2=C(N)C(=O)C(=C3Oc4c(C)ccc(C(=O)N[C@H]5[C@@H](C)OC(=O)[C@@H](C(C)C)N(C)C(=O)CN(C)C(=O)[C@@H]6CCCN6C(=O)[C@@H](NC5=O)C(C)C)c4N=C23)C)[C@H](C)OC(=O)[C@H](C(C)C)N(C)C(=O)CN(C)C(=O)[C@@H]7CCCN7C1=O,0
O=NN1CCCCCCC1,1
ONc1cccc(c1)c2ccccc2,0
Nc1ccc2ccccc2c1S(=O)(=O)O,1
Oc1cc2c(ccc3ccc4cccc1c4c23)[N+](=O)[O-],1
Oc1c(Cl)cc(Cl)cc1Cl,0
CC(=O)c1ccc[nH]1,1
[O-][N+](=O)c1ccc2c(c1)c3nc4ccccc4c5c6ccccc6nc2c35,1
Nc1ccc2ccc3cccc4ccc1c2c34,1
O=NN1CCNC1=O,1
CC(=O)c1ccc(cc1)[N+](=O)[O-],1
O=C1CCO1,1
Cc1ccc(O)c(C)c1,1
CC(=O)ON(C(=O)C)c1ccc2c(Cc3ccccc23)c1,1
Oc1cccc2ccc[n+]([O-])c12,0
COC(=O)c1occc1,0
OCc1ccc(O)cc1,0
CS(=O)(=O)c1ccc(Cl)cc1,0
[O-][N+](=O)c1ccc2nc3ccccc3nc2c1,1
Oc1ccc2C3C4OC4C(=O)c5c(O)ccc(C6C7OC7C(=O)c1c26)c35,1
CC1(C)CCCC2(C)C1CC=C(C=O)C2C=O,0
Nc1ccc(Br)cc1,0
Cc1ccc2nc3c4ccccc4C(O)C(O)c3c(C)c2c1,0
Cc1c(C)c2c(N)c3ccccc3nc2c4ccccc14,1
CCN(CCCl)c1ccc(CCCNc2c3ccccc3nc4ccccc24)cc1,1
Oc1cc2C[C@@]3(O)COc4c(O)c(O)ccc4[C@@H]3c2cc1O,0
CCNC(=N)N(N=O)[N+](=O)[O-],1
CN1CCc2cc3OCOc3c4c5ccccc5C(O)C1c24,1
CC(=C)C,0
CC1CCC2C(C)C3C(CC4C5CC=C6CC(O)CCC6(C)C5CCC34C)N2C1,0
NNC(=O)c1[nH]c2ccccc2c1N,1
C[Si](C)(C)O[Si](C)(O[Si](C)(C)C)O[Si](C)(C)C,0
CCN(CC)c1cc(NC(=O)C)c(cc1OC)N=Nc2c(Br)cc(cc2[N+](=O)[O-])[N+](=O)[O-],1
Clc1cc(Cl)c(Cl)cc1Cl,0
[O-][N+](=O)c1ccc2c(ccc3cc4c(ccc5ccccc45)cc23)c1,1
CCN1C=C(C(=O)O)C(=O)c2cc(F)c(nc12)N3CCNCC3,1
Nc1cccc2nc3c(N)cccc3nc12,1
CC(=O)Nc1ccc2ccc3cccc4ccc1c2c34,1
OC(=O)COc1ccc(Cl)cc1Cl,0
Cc1cccc2C3NC3c4cc5ccccc5cc4c12,1
Brc1ccc(cc1)C(=O)C2OC2c3ccccc3,0
OC[C@H](O)CI,1
OCC1OC(CC1O)N2C=C(COO)C(=O)NC2=O,1
Nc1cccc(c1O)[N+](=O)[O-],0
CC1(C)CC(C(=O)O)C(C)(C)N1O,0
CCCCCN(CCCCC)CCCCC,0
CC(C)NC[C@@H](O)COc1cccc2ccccc12,0
Clc1ccc(Oc2ccc(NC=O)cc2)c(Cl)c1,1
Oc1nc2ccccc2n1C3CCN(CCCC(c4ccc(F)cc4)c5ccc(F)cc5)CC3,0
CC(=O)\C(=N/O)\C,0
CC(\C=C(/C#N)\c1ccc(F)cc1)C(C(C#N)c2ccc(F)cc2)c3ccccc3,0
O1C2C1c3nc4ccc5ccccc5c4cc3c6ccccc26,1
Cc1cc2c3cc4ccccc4cc3c5cccc(c1)c25,1
OC1C=Cc2cc3c(ccc4ccccc34)c(Br)c2C1O,0
COc1cc(cc(OC)c1OC)C2OCC3C2COC3c4cc(OC)c(OC)c(OC)c4,0
Cc1c2ccccc2c(C)c3ccccc13,1
N#CSCSC#N,0
Cc1nc(N)c(C)c2[nH]c3ccccc3c12,1
O=C1c2ccccc2c3c4OCOc4cc5ccnc1c35,1
N#N=NCCC(c1ccccc1)c2ccccc2,1
CN1CCN(CC1)c2c(F)cc3C(=O)C(=CN4N(C)COc2c34)C(=O)O,1
CCCCCCCCCCCCC=C,0
[O-][N+](=O)c1cccc2c3ccccc3[nH]c12,1
CC(O)CN(CCN(CC(C)O)CC(C)O)CC(C)O,0
COC(=O)c1ccccc1C(=O)OC,0
CN1CCC[C@@H]1c2cccnc2,0
NC(=S)c1c(Cl)cccc1Cl,1
CC(C)(c1ccc(OC[C@H]2CO2)cc1)c3ccc(OC[C@H]4CO4)cc3,1
Cc1cccc2c(cccc12)[N+](=O)[O-],1
CC(C)(S)C(N)C(=O)O,1
CCCCc1cc(C)cc(CCCC)c1O,0
CCc1cccc2cc(oc12)[C@H](O)CNC(C)(C)C,0
COP(=O)(O)OC,0
CCCCCCCCCCCCCC(=O)ON(C(=O)C)c1ccc2c(Cc3ccccc23)c1,1
Cc1cc2c3ccccc3[nH]c2nc1N,1
OC1C=Cc2c(cc3ccc4ccc(c5ccc2c3c45)[N+](=O)[O-])C1O,1
Cc1c(N)cc(N)cc1[N+](=O)[O-],1
CCCn1cc2CC3C(CC(C)CN3C#N)c4cccc1c24,1
CC1(C)C[C@H]2C=C(CO)[C@]3(C[C@@]3(C)[C@@H]2C1)C=O,1
OC(=O)c1occ(c2ccccc2)c1c3ccccc3,0
Nc1ncnc2c1ncn2c3ccc(cc3[N+](=O)[O-])[N+](=O)[O-],1
Cc1c2ccccc2c([C@@H]3CO3)c4ccccc14,1
CN(C)c1ccc(N)cc1,1
N1[C@@H]([C@H]1c2ccccc2)c3ccccc3,1
Nc1ccc2[nH]c3ccccc3c2c1[N+](=O)[O-],1
CC[C@@H](C)Nc1ccc(N[C@H](C)CC)cc1,0
O=CCCCC=O,1
CC12CCC(=O)C=C1C3CC3C4C2CCC5(C)C4C6CC6C57CCC(=O)O7,0
CNc1ccc2ncc(C)nc2c1N,0
CC(=O)Nc1cnc2ccccc2c1,0
CCC(=O)N1N=CC(=C(Cl)C1=O)Cl,0
CC(O)C(O)C(O)C(O)C1SCCN1N=O,0
COP(=O)(NC(=O)C)SC,0
CCOC(=O)Cc1c(C(=O)O)c2ccccc2n1C,0
COc1ccc(cc1)[C@H](OC(=O)C)C=C,1
C\C=C\C1=CC2=C(C(=O)O1)C(=O)C(O)C(C)O2,0
CC1(O)C=Cc2cc3c(ccc4ccccc34)c5CCC1(O)c25,1
Nc1nc(\C=C/c2oc(cc2)[N+](=O)[O-])cs1,1
CC(Br)C(=O)NCc1ccccc1,1
Oc1c2ccccc2nc3ccccc13,0
CC(=O)Nc1ccc(C)c(c1)N=Nc2cc(NC(=O)C)ccc2C,0
Nc1ccc(O)c(c1)[N+](=O)[O-],1
Clc1ccc(N2C(=O)CCC2=O)c(Cl)c1Cl,0
N[C@@H](CS\C(=C\Cl)\Cl)C(=O)O,1
Cc1cccc2ccc3c4ccccc4ccc3c12,1
Cc1cc2c(nc(N)n2C)c3nccnc13,1
Cc1cccc(NO)c1,1
OC(=O)c1ccc(cc1[N+](=O)[O-])[N+](=O)[O-],1
Oc1c2ccoc2nc3ccccc13,0
[O-][N+](=O)c1ccc2[nH]ncc2c1,1
Cc1cc2ccccc2c3ccc4C(O)C(O)C5OC5c4c13,1
C[C@H]1CN(CCN1N=O)N=O,1
OCc1c(O)cc2C(=O)c3ccccc3C(=O)c2c1O,1
CCC#N,0
CO[C@H]1[C@@H](C[C@H]2CN3CCc4c([nH]c5cc(OC)ccc45)[C@H]3C[C@@H]2[C@@H]1C(=O)OC)OC(=O)\C=C\c6cc(OC)c(OC)c(OC)c6,0
BrC[C@@H](Br)[C@@H]1CC[C@@H](Br)[C@@H](Br)C1,0
c1ccc2scnc2c1,0
C1O[C@@H]1c2ccc3ccccc3c2,1
Cn1c(N)nc2c3ccc(O)nc3ccc12,1
C=CCc1ccc2OCOc2c1,0
C1COCCO1,0
CC(Oc1ccc(Cl)cc1Cl)C(=O)O,0
Cc1ccc2nc3c(ccc4ccccc34)cc2c1,1
Nc1c2ccccc2nc3ccc(O)cc13,1
CSc1ccc(cc1[N+](=O)[O-])[N+](=O)[O-],1
Cc1cccc(c1)C#N,0
CCCCC\C=C\C\C=C\CCCCCCCC(=O)O,0
Clc1ccc(Cl)cc1,0
CCN(CC)CCNc1ccc(COS(=O)(=O)C)c2Sc3ccccc3C(=O)c12,1
Oc1ccc2c3ccccc3[nH]c2c1[N+](=O)[O-],0
Cc1cccc2cc3ccc4ccccc4c3cc12,1
OC(=O)C(Cl)(Cl)Cl,0
CCCCCCCCCC[C@H]1CO1,0
CCC1(C(=O)NC(=O)NC1=O)c2ccccc2,1
O=C1CCc2c1ccc3c2ccc4ccccc34,1
c1ccc(cc1)c2nc(c3ccccc3)c([nH]2)c4ccccc4,1
CC(=C)C1CCC(=CC1)C=O,0
NNc1nncc2cccnc12,1
CC(C)N,0
Cc1cccc2sc(N)nc12,0
Cl\C=C(/Cl)\c1c(Cl)c(Cl)c(Cl)c(Cl)c1Cl,0
ClCCCC(=O)\N=C\1/SN(C(=O)CCCCl)c2ccccc12,0
CCOC(=O)[C@@H](C)C[C@](C)(C[C@H](C[C@@](C)(C[C@@H](C[C@](C)(CC)C(=O)O)C(=O)OCC)C(=O)O)C(=O)OCC)C(=O)O,1
Clc1ccc(cc1Cl)C(Cl)(Cl)Cl,1
CC1=NC(=C[C@H]2[C@@H]1Nc3ccccc23)N,1
C\C=C\1/CC(C)C(C)(O)C(=O)OCC2=CC[N+]3(C)CCC(OC1=O)C23O,1
CC(=CCC1=C(O)C(=O)c2ccccc2C1=O)C,0
CN(C)c1ccncc1,0
[O-][N+](=O)c1ccc2C(=O)OC(=O)c2c1,1
NC(=O)C[C@H]1CO1,1
CN1C(=O)C23CC4=CC=CC(O)C4N2C(=O)C1(CO)SS3,0
Nc1ccc(Cc2ccc(N)c(c2)C(=O)O)cc1C(=O)O,0
CC(=O)O[C@H](C=C)c1ccc2OCOc2c1,1
CCN1C=C(C(=O)O)C(=O)c2cc(F)c(c(F)c12)c3ccncc3,0
OC1C(O)C(OC1COP(=O)(O)O)N2C=CC(=O)NC2=O,0
[O-][n+]1c2ccccc2nc3ccccc13,1
N1C2C1c3cc4ccccc4c5ccc6cccc2c6c35,1
NCCN(CCCl)c1c2ccccc2nc3c1ccc4ccccc34,1
S=C(Nc1ccccc1)Nc2ccccc2,0
CCCC(=O)c1cc(O)c(O)cc1O,1
COc1ccc(cc1OC)c2nc(c3ccc(C)cc3)c([nH]2)c4ccc(C)cc4,1
O=C1N(CC2CO2)Sc3ccccc13,0
C[n+]1c2ccccc2cc3c(N)cccc13,1
Cc1ccc(cc1)c2nc([nH]c2c3ccc(C)cc3)c4ccc(C)cc4C,1
Oc1cc(c2ccc3cccc4ccc1c2c34)[N+](=O)[O-],1
COc1cc(C)cc2C(=O)C(=CC(=O)c12)c3c(C)cc4C(=O)C=CC(=O)c4c3OC,0
O=Cc1occc1,1
CCCC[C@@H](CC)C=O,0
Cc1nc2C(=O)C(=CC(=O)c2c3[nH]c4ccccc4c13)N5CC5,1
CCOP(=S)(OCC)Oc1ccc(cc1)[N+](=O)[O-],0
C1CCC(CC1)N=C=NC2CCCCC2,0
[O-][N+](=O)c1ccc(Oc2ccc(Cl)cc2Cl)cc1,1
C1O[C@@H]1c2c3ccccc3cc4ccccc24,1
CNC(=O)N(O)C(=O)C,1
CCOc1cc(C=O)ccc1O,0
CN1CCN(CC1)c2ccc3[nH]c(CCCCCCc4ccc5[nH]c(nc5c4)c6ccc(cc6)N(CCCl)CCCl)nc3c2,0
S=C=S,0
CCOC(=O)c1[nH]c2ccccc2c1\N=C\c3ccc(cc3)[N+](=O)[O-],1
O1C2C1c3cc4c(cc3c5ccccc25)C6OC6c7ccccc47,1
CNc1ccc2nc(C)c(C)nc2c1C,1
CCCNc1c(C(=O)O)c(Cl)ccc1[N+](=O)[O-],0
c1ccc2c3ccccc3c4ccccc4c2c1,1
Nc1cccc(c1CO)[N+](=O)[O-],0
CCCCCN1C2C1c3ccccc3c4ccccc24,1
Cc1ccc2ccc3cc4ccccc4c5ccc1c2c35,1
Oc1ccc(Cl)cc1C(=O)Nc2ccc(cc2Cl)[N+](=O)[O-],1
CC(O)C(C)[N+](=O)[O-],0
NCCNC(=O)c1ccc(Cl)cn1,0
CN(C)[C@H]1[C@H]2C[C@H]3C(=C(O)[C@]2(O)C(=C(C(=O)N)C1=O)O)C(=O)c4c(O)cccc4[C@@]3(C)O,0
Cc1c(C)c(Br)c(Br)c(Br)c1Br,0
CN1C(=O)CC(=O)N(c2ccccc2)c3cc(Cl)ccc13,0
Nc1cccc(O)c1,1
Fc1cc2cccnc2c3ccccc13,1
N\N=C\1/N=NC=C2C=CC=C[C@H]12,1
COc1ccc(cn1)N=Nc2ccc(cc2)N(C)C,1
O=C1Oc2cccc3ccc4cccc1c4c23,0
[O-][N+](=O)c1ccc(I)c(c1)[N+](=O)[O-],1
Nc1ccc2ccc3cc4ccccc4c5ccc1c2c35,1
CCCCCCCCCCCC(=O)NCCO,0
CCOC(=O)C(CCc1ccccc1)NC(C)C(=O)N2C3CCCCC3CC2C(=O)O,0
C(C(C1CCCCC1)C2CCCCC2)[C@H]3CCCCN3,0
CN(C)c1ccc(\C=C\c2ccccc2)cc1,1
Cn1nc(cc1N)C2CC2,1
CCN(CCCCO)N=O,1
[O-][N+](=O)c1ccc2[C@H]3O[C@H]3c4cccc5c6ccccc6c1c2c45,1
CC(C)N=C=NC(C)C,0
O=C1NC2(CCCCC2)C(=O)N1CCN3CC3,1
O=Cc1ccc2OCOc2c1,0
CCN(CC)CCN1C(=O)CN=C(c2ccccc2F)c3cc(Cl)ccc13,0
OC(CN=N#N)Cn1cnc2c(Cl)ncnc12,1
Cc1ccc(C)c2c3cc(ccc3[nH]c12)[N+](=O)[O-],1
CC(C)Oc1ccc(Nc2ccccc2)cc1,0
[O-][N+](=O)C1=Cc2c3ccc4ccccc4c3cc5cccc1c25,1
FC(=C(F)Cl)F,0
Nc1ccc(Oc2ccccc2)cc1,1
NCCCN1CCN(CCCN)CC1,0
Cc1ccc(NC(=O)CBr)cc1,0
N[C@H](CN=[N+]=[N-])C(=O)O,1
CC(=C\C(=N\Nc1nncc2ccccc12)\C)C,1
CCc1occc1,0
CC(C)C(O)(C(C)O)C(=O)OCC1=CCN2CCC(O)C12,0
Clc1ccccc1C=C(C#N)C#N,1
Cc1c(C)c(N)c(C)c(C)c1N,0
Cc1ccccc1NS(=O)(=O)c2cccc3cccnc23,0
OCc1c2ccccc2c(CO)c3c1ccc4ccccc34,1
Cc1ccc2cc3c4[C@H](O)[C@H](O)C=Cc4ccc3c5CCc1c25,1
CC(C)OC(=O)\C=C\c1oc(cc1)[N+](=O)[O-],1
Cl\C=C/C[N+]12CN3CN(CN(C3)C1)C2,1
ClCl,0
ClCC(CCl)(CCl)CCl,0
CCCCCCCCC(Cl)CCC(Cl)CC(Cl)C(Cl)C(Cl)CC(=O)OC,0
COCOC,0
COc1ccc(CC=C)cc1,0
COc1cccc2C(=O)c3c(O)c4C[C@](O)(C[C@H](O[C@H]5C[C@H](N)[C@H](O)[C@H](C)O5)c4c(O)c3C(=O)c12)\C(=N\NC(=O)c6ccccc6)\C,1
CCCCNC(=O)\C=C\c1oc(cc1)[N+](=O)[O-],1
OC(=O)c1ccccc1Cl,0
NC1=NC(=O)N(C=N1)[C@@H]2O[C@H](CO)[C@@H](O)[C@H]2O,1
FC(F)(F)c1ccc(Cl)cc1,0
[O-][N+](=O)c1cccc(Cl)c1,0
CC(=O)Nc1ccc2c(Cc3cc(O)ccc23)c1,1
ClCc1cccc2c3cccc4cccc(c12)c34,1
